"path","type","sha256","provenance_status"
"public/MedievalKingdoms/maps/blackthorn-mask.png","png","e23b262f36150d3e9f22828ff43931807a56b7e02cbfc2f642f0f751bae009ea","Author/source/permission not recorded per file; confirm or replace"
"public/MedievalKingdoms/maps/blackthorn.png","png","62d5f7dfb7cd194e9cdd2110b80e1d226faf93480dc75d77a64a99ea6b079d5a","Author/source/permission not recorded per file; confirm or replace"
"public/MedievalKingdoms/maps/continent-coming-soon-overlay.png","png","15fcf538aeda9c258c9fb4a4d074240b891a9a386501eb480111b0bcc0b59bb4","Author/source/permission not recorded per file; confirm or replace"
"public/MedievalKingdoms/maps/continent-mask-preview.png","png","baceddcfaf2c73b55daa177f9058e5377e12c128438eee5eff9cbf77fab7dd33","Author/source/permission not recorded per file; confirm or replace"
"public/MedievalKingdoms/maps/continent-mask.png","png","417b536a725013c3954d3761156af177df8a9d43faa322ae2f12043c546dee36","Author/source/permission not recorded per file; confirm or replace"
"public/MedievalKingdoms/maps/continent.png","png","ab4cf859593bc864f18193c04f959f331ebe915a0bfdbf365ea35906b4199e60","Author/source/permission not recorded per file; confirm or replace"
"public/MedievalKingdoms/maps/emberclaw-mask.png","png","7346454c7a6eb0e9fe1cf20ccd4246d3c750a1ec301e29d85d031975d78c12b6","Author/source/permission not recorded per file; confirm or replace"
"public/MedievalKingdoms/maps/emberclaw.png","png","14c24de403833d41a3d63e924c35fd760c12bf863e355dd87631913147cbd914","Author/source/permission not recorded per file; confirm or replace"
"public/MedievalKingdoms/maps/falcon-bridge-mask.png","png","29f4fc1f218751c0e89ab7f41570c05a94fb5355af051863012e34c0274240b2","Author/source/permission not recorded per file; confirm or replace"
"public/MedievalKingdoms/maps/falcon-bridge.png","png","b672645be29f4a5da3abd3a3d533668d06b2e041acb733f59996e97ca0514716","Author/source/permission not recorded per file; confirm or replace"
"public/MedievalKingdoms/maps/regions/brickstone-fortress.png","png","5e711e57adcec22eb567048e9d5b4157a40cac470ba2bf87733df26f3f1671ce","Author/source/permission not recorded per file; confirm or replace"
"public/MedievalKingdoms/maps/regions/moonville-mask.png","png","24972ed2d53aa3b30a3318781cf585ada06019e107417098a733180673c8244f","Author/source/permission not recorded per file; confirm or replace"
"public/MedievalKingdoms/maps/regions/moonville.png","png","7f9ed3cb24d1418458b25fb721716a18804d3c7e98c0bed5ac52a88942ad1be8","Author/source/permission not recorded per file; confirm or replace"
"public/MedievalKingdoms/rings/assassin-silver.png","png","55ce38e1f64a54db94fa3d58d8428c75b5cc341dea198fbb8724b822ca3c9675","Author/source/permission not recorded per file; confirm or replace"
"public/MedievalKingdoms/rings/blacksmith-silver.png","png","76fdf96a8a58ba8c38baac776ca4960759de359ed5456f4b97bde7c3ab37e672","Author/source/permission not recorded per file; confirm or replace"
"public/MedievalKingdoms/rings/bronze.png","png","ee38e0bf437898c89096e3a8f6b300fc08448ec5a43f604726aa337822129260","Author/source/permission not recorded per file; confirm or replace"
"public/MedievalKingdoms/rings/giant-gold.png","png","523bdf0d07f51d95b5b84a42610becb7481163d74923a3151fafc7ca37816835","Author/source/permission not recorded per file; confirm or replace"
"public/MedievalKingdoms/rings/gold.png","png","c7670067bb57f92019e1fb8671fa13577315219563b5c0132e559215482ae170","Author/source/permission not recorded per file; confirm or replace"
"public/MedievalKingdoms/rings/king-gold.png","png","a1c1f3b6245f865c2f3a6d2b8e06cf6b851b82a9f07199e7eba07b1176e0f9c4","Author/source/permission not recorded per file; confirm or replace"
"public/MedievalKingdoms/rings/orc-silver.png","png","d0ef13a46e9122ab1db4a7eb18c69dc4368e3711d539ed76808fa37afc6af5b8","Author/source/permission not recorded per file; confirm or replace"
"public/MedievalKingdoms/rings/peasant-bronze.png","png","296665144ec953a3188a1ac72ee9f0dbdc1ba2c69cd031d5db68813c2bd160d1","Author/source/permission not recorded per file; confirm or replace"
"public/MedievalKingdoms/rings/puma-rider-gold.png","png","8523440b80e8bf8057025a347a7d6fce0734254b42ae65e1c3c676db66801158","Author/source/permission not recorded per file; confirm or replace"
"public/MedievalKingdoms/rings/silver.png","png","6338026c2367b89b40de2dcfc2ac9dc2e94a838c934d9ddc70767701e761a449","Author/source/permission not recorded per file; confirm or replace"
"public/MedievalKingdoms/rings/wizard-gold.png","png","fbff5bf9bdf8985399bf0fe7968924b33b46925f7d00a2012b29f44dfac1bb7e","Author/source/permission not recorded per file; confirm or replace"
"public/favicon.svg","svg","61bc9a161de58248288e6905425d7180f0624c2865007b97d763fdac12043a66","Author/source/permission not recorded per file; confirm or replace"
"public/flags/4x3/ad.svg","svg","1914f0d751b810056fdde2fa27d5c255082b4eeaa5942f8ac27e48dca3a377ed","flag-icons 7.5.0; MIT; bundled notices"
"public/flags/4x3/ae.svg","svg","3bc52a4aac7c6c68cd7c0a04013fa14f715abfe6958e7a6e3194f0793c9eb816","flag-icons 7.5.0; MIT; bundled notices"
"public/flags/4x3/af.svg","svg","313a7dd89f3d4bdceae673908ede1bca4a2f1aa0ea3562d8e96fe430d3b4c690","flag-icons 7.5.0; MIT; bundled notices"
"public/flags/4x3/ag.svg","svg","131282135f0f5cfca72efa3a6dc6a3392b5999b5b15e1cbd0f3f73253c24080d","flag-icons 7.5.0; MIT; bundled notices"
"public/flags/4x3/ai.svg","svg","974c6af4adba3aed291f00a7eddaa8940853f8a7ca9be0c17ff8064714f27c51","flag-icons 7.5.0; MIT; bundled notices"
"public/flags/4x3/al.svg","svg","4ae4d2950f6a08528639700e48d19930b964478a2548cb9bf41b898c2b757b11","flag-icons 7.5.0; MIT; bundled notices"
"public/flags/4x3/am.svg","svg","efb6cdaad5658ae5024c86b099a96c4e3769028894240f4015cbc090a0e90e0f","flag-icons 7.5.0; MIT; bundled notices"
"public/flags/4x3/ao.svg","svg","3a4b1f9b0c95729b128ed86c7446ce82733f29ad9f6387e7a2ca951fa488e763","flag-icons 7.5.0; MIT; bundled notices"
"public/flags/4x3/aq.svg","svg","1cdfb7443088d61a5747d4d7538d3c5bef85cd1f7ec649f5e44e8e4029cefb07","flag-icons 7.5.0; MIT; bundled notices"
"public/flags/4x3/ar.svg","svg","da39bfbe83fd35fae781f605c4a297b632f03ccf72d4cb0499e86dac8370663d","flag-icons 7.5.0; MIT; bundled notices"
"public/flags/4x3/arab.svg","svg","ad315ef12a58e48545f16561e7b8d1327e9d6d1e72dccac69b0f280d23b7037f","flag-icons 7.5.0; MIT; bundled notices"
"public/flags/4x3/as.svg","svg","6f356d18cc09efabdae58579373f5dc89b25695b42cb4e92d7ebc9e94477b81f","flag-icons 7.5.0; MIT; bundled notices"
"public/flags/4x3/asean.svg","svg","cf29b6a7082401142681b120f79db011796b311e836be43025ec1593d4efac60","flag-icons 7.5.0; MIT; bundled notices"
"public/flags/4x3/at.svg","svg","c0e5cb3c1d59fd002afd6e2b0dd03787677ca3c9e7b2321f4af6d9e28256ebcd","flag-icons 7.5.0; MIT; bundled notices"
"public/flags/4x3/au.svg","svg","cbb2206c5e59a25d79228306af973666a191e163f0ae337681f447977e6edb18","flag-icons 7.5.0; MIT; bundled notices"
"public/flags/4x3/aw.svg","svg","6cabd9394138d55a421da65a8a5b7aebd612c5df48d97fd23790ebfbd59bd1ac","flag-icons 7.5.0; MIT; bundled notices"
"public/flags/4x3/ax.svg","svg","1f2bddd37b8663637561e785b3dd0286a9dd6b9966d2a7955ff5d3bfb87654a4","flag-icons 7.5.0; MIT; bundled notices"
"public/flags/4x3/az.svg","svg","33ad245b2125c36fbf0f863b0edd5c85cbef37587900e101db3a615870504502","flag-icons 7.5.0; MIT; bundled notices"
"public/flags/4x3/ba.svg","svg","b321fe9b47c1cd741c61b330aee66cf00550622a6a9e740161a9f240a14e0787","flag-icons 7.5.0; MIT; bundled notices"
"public/flags/4x3/bb.svg","svg","46cfd88ab5ea96e75627e044d008462586fbd04a346205dfd258984a46ffc27a","flag-icons 7.5.0; MIT; bundled notices"
"public/flags/4x3/bd.svg","svg","1aabb4a772651fb9a673660233d5bc6f3d78dfc71df09d567769bc97b9eb554f","flag-icons 7.5.0; MIT; bundled notices"
"public/flags/4x3/be.svg","svg","d6aff6fa4c913404eafd53f91c0a9b240fcecaddc8f0ac2160d362e38469342c","flag-icons 7.5.0; MIT; bundled notices"
"public/flags/4x3/bf.svg","svg","606b17add6a8aeb9610b06aae674785a3e795c22b564f5a204c6de93753e612e","flag-icons 7.5.0; MIT; bundled notices"
"public/flags/4x3/bg.svg","svg","b6d979fc96dc6b46c1697a5e05ecfe1fac1fa912ed480ca7a2a9b450f087faf6","flag-icons 7.5.0; MIT; bundled notices"
"public/flags/4x3/bh.svg","svg","7a519f58c9007731d70a975a48cc81fcf516ab52ab972f9739eace370431e0c2","flag-icons 7.5.0; MIT; bundled notices"
"public/flags/4x3/bi.svg","svg","5ef1a56b4ebe90326d6d807bbf61bd2d6f0b752fd6966588cd42471a886307bb","flag-icons 7.5.0; MIT; bundled notices"
"public/flags/4x3/bj.svg","svg","0a46cbae6018acdbc4a485f6b1c4a3df7a7b36680439f6eb5d1bfb957f704888","flag-icons 7.5.0; MIT; bundled notices"
"public/flags/4x3/bl.svg","svg","d511eb84cf9313e11f8b648de6a0122d4fa6c1662b0111890303b7867ad71d24","flag-icons 7.5.0; MIT; bundled notices"
"public/flags/4x3/bm.svg","svg","65e4636aa41be4ff0613f19d2c56af41a2b43cd44522f83cf3e6d89fbd16aba0","flag-icons 7.5.0; MIT; bundled notices"
"public/flags/4x3/bn.svg","svg","4fc01eb8e4b3d4776d179cd06dfca4f21ee7ca833751eb564e7943d3203b6851","flag-icons 7.5.0; MIT; bundled notices"
"public/flags/4x3/bo.svg","svg","ee1075ebb655dd8252ec317827baa0a75cf0a5e4f0b0b35d6e9766b30686d183","flag-icons 7.5.0; MIT; bundled notices"
"public/flags/4x3/bq.svg","svg","23881e6caad00e2f7f8ce50448bf419e1e1c44029db022a4a12d49416469c4d3","flag-icons 7.5.0; MIT; bundled notices"
"public/flags/4x3/br.svg","svg","b0a912826c3ffd7287435ebed66e18fe058e992309c00dc10b430dd41a29ba91","flag-icons 7.5.0; MIT; bundled notices"
"public/flags/4x3/bs.svg","svg","1f179c39f296e5e3e062114d62fea394ff0ea487bd29cdffbe3837b7238d46dc","flag-icons 7.5.0; MIT; bundled notices"
"public/flags/4x3/bt.svg","svg","05ff0d4d7258357823180eec1e53baa11846505234f51061a47c2f95641d1f43","flag-icons 7.5.0; MIT; bundled notices"
"public/flags/4x3/bv.svg","svg","d972d58c5ff46de1c76f3bd465f42300bb5777d37be2c006079ce3b3b21aec50","flag-icons 7.5.0; MIT; bundled notices"
"public/flags/4x3/bw.svg","svg","180bfa4e76b78fa7b52bf9f3c8e99d3c1b4aa520b97a239661a8953dc90658b3","flag-icons 7.5.0; MIT; bundled notices"
"public/flags/4x3/by.svg","svg","a1efa44ad1167d6d77abbe59ce85aa3a68ff4bd57af79454c08a3ade5c178578","flag-icons 7.5.0; MIT; bundled notices"
"public/flags/4x3/bz.svg","svg","9aef8f4ef9d86bf989fbdd714d64c5440dceaa2bc1a23e493942129022e6b677","flag-icons 7.5.0; MIT; bundled notices"
"public/flags/4x3/ca.svg","svg","345ec9dac057e203f1331b2d3f9f473789864edaee1182a26bc261356bcf72f1","flag-icons 7.5.0; MIT; bundled notices"
"public/flags/4x3/cc.svg","svg","57265e7cd109321f517c6e8d6e82318f1a82814cd00b9fd405943feb09911bc9","flag-icons 7.5.0; MIT; bundled notices"
"public/flags/4x3/cd.svg","svg","ad93c1afd68e6a7364d141e0989a798e81a202fe4674f21fece3ceea83fd167c","flag-icons 7.5.0; MIT; bundled notices"
"public/flags/4x3/cefta.svg","svg","bfefb0f6ff7870d97d6395b84304931c6eedc79553bbc9a147fbd3c9d66f2b07","flag-icons 7.5.0; MIT; bundled notices"
"public/flags/4x3/cf.svg","svg","1b58dc2035ff0039c82e4dfb16a536dcf74ee09ab4d95b75221d404ad616dc0f","flag-icons 7.5.0; MIT; bundled notices"
"public/flags/4x3/cg.svg","svg","628dcfc7f00ab09cc9074b837863c31fe4472c7c3e17c30e233332d94c37585b","flag-icons 7.5.0; MIT; bundled notices"
"public/flags/4x3/ch.svg","svg","ac676cd39d7032988598ef2dd73f6bebcd767738e3e469705d6a437835ac485c","flag-icons 7.5.0; MIT; bundled notices"
"public/flags/4x3/ci.svg","svg","4ecfea70e4e0860fdb49a523db7cd64431b4da8130ee9038cf87bfcc85c3806e","flag-icons 7.5.0; MIT; bundled notices"
"public/flags/4x3/ck.svg","svg","b17c039f7195b292265dd28b50f85b3668e28e490b48df760e953e3ab0bc3557","flag-icons 7.5.0; MIT; bundled notices"
"public/flags/4x3/cl.svg","svg","bcf0ccdf0999a1cd82061202988e1f6088c2070e3e76794d67cb375ef325ef76","flag-icons 7.5.0; MIT; bundled notices"
"public/flags/4x3/cm.svg","svg","c9a327dc0e355739a9f2bc0a91e1293f8e08e13910e718bc63fda35a244acef5","flag-icons 7.5.0; MIT; bundled notices"
"public/flags/4x3/cn.svg","svg","981da9bdf82d48e31691f20578cefcb26cf7d0bd95e4ebd5c0df00bdfe988c1a","flag-icons 7.5.0; MIT; bundled notices"
"public/flags/4x3/co.svg","svg","6bab3c96c1657510c6e49354dd40203c69401bee54da497392ab9267334e5fd4","flag-icons 7.5.0; MIT; bundled notices"
"public/flags/4x3/cp.svg","svg","bd880fc59f9db3264a52432cca962e1b2408f4836458677f12583d3285dfacb2","flag-icons 7.5.0; MIT; bundled notices"
"public/flags/4x3/cr.svg","svg","4775ef01d28b8a887cde3dbe2826466ed77c87aae4d00517c99d4977afdbdc20","flag-icons 7.5.0; MIT; bundled notices"
"public/flags/4x3/cu.svg","svg","15013e0bb414c074af963bab167806dc81b7e1bb6dabc05dac20b2583511e535","flag-icons 7.5.0; MIT; bundled notices"
"public/flags/4x3/cv.svg","svg","2fa67e0a2477306f0427877b78d2276c58c496ff50faf4b3d69252350821e138","flag-icons 7.5.0; MIT; bundled notices"
"public/flags/4x3/cw.svg","svg","c845d0cad7f00344a2729257315afbf81c70c08bf0772211eb913a716b9aae7c","flag-icons 7.5.0; MIT; bundled notices"
"public/flags/4x3/cx.svg","svg","316d011952bf1b8ea518ee829006529e105187c8075457c9a5060c6b28a1e9ae","flag-icons 7.5.0; MIT; bundled notices"
"public/flags/4x3/cy.svg","svg","d2ddf86c24e9d4dc4e2f5cd298b189b9d04a08c0f6497c35249f07d6f1969e33","flag-icons 7.5.0; MIT; bundled notices"
"public/flags/4x3/cz.svg","svg","d601fcc2e5b1fd48b79d53c55108af4c0e90793f146db51f3ee449d8d69512bc","flag-icons 7.5.0; MIT; bundled notices"
"public/flags/4x3/de.svg","svg","efd480af5a154a7651f29da23ee0d09dbc892410fb4041898ddf8face336c575","flag-icons 7.5.0; MIT; bundled notices"
"public/flags/4x3/dg.svg","svg","5001a14a3dac15f3c4ac3bdd5d66aa009ae05642e244be83b23f4be3308e32d6","flag-icons 7.5.0; MIT; bundled notices"
"public/flags/4x3/dj.svg","svg","2a22d382f85cef20ba39a9abb6e6ecffdfa806d46afea3f6d26b8a23a5c12e43","flag-icons 7.5.0; MIT; bundled notices"
"public/flags/4x3/dk.svg","svg","d2847c0bd7a1fb97977ee51f2f618c5ebc5898dd66ef9804f187613c27bdca1a","flag-icons 7.5.0; MIT; bundled notices"
"public/flags/4x3/dm.svg","svg","0a4bf1a27390308c62675099f3fb7c86ac3098fce4e8c5e95046c7a15c54226d","flag-icons 7.5.0; MIT; bundled notices"
"public/flags/4x3/do.svg","svg","02e5f5efbc60a73716f754ecb3f112dcccfeab1da925cb7b8a1764736a3a3ebd","flag-icons 7.5.0; MIT; bundled notices"
"public/flags/4x3/dz.svg","svg","9ea0cf93222ab7b5e7b77b9576afcad80dad1eff33827e8e58dbfbb42aeb8213","flag-icons 7.5.0; MIT; bundled notices"
"public/flags/4x3/eac.svg","svg","7b4cf0a10918a17f6146a837b7f9428b0d2dff9de137606b5ef050e979e0b59f","flag-icons 7.5.0; MIT; bundled notices"
"public/flags/4x3/ec.svg","svg","4472b0618e2f5e31d31d16c0d7d811310c33b07d5a101b54f60fcb7ec84d1d4d","flag-icons 7.5.0; MIT; bundled notices"
"public/flags/4x3/ee.svg","svg","25642310e287fbdc02e1ac3e0e08fadca9a32eae195f67b6863bf0fc6247176b","flag-icons 7.5.0; MIT; bundled notices"
"public/flags/4x3/eg.svg","svg","3f85d1d2bdb03692ad68f84efff36be2f5b1b5b7438b7b7be50def3837bf532f","flag-icons 7.5.0; MIT; bundled notices"
"public/flags/4x3/eh.svg","svg","a957f2aedbb4178a79710d178de3fdb77ebdd3b441ef8fb59e51d9b11966b06b","flag-icons 7.5.0; MIT; bundled notices"
"public/flags/4x3/er.svg","svg","64c98a80601fc019f9ca7a71f7dd384ca995da1403e7775edcbfd79118564e45","flag-icons 7.5.0; MIT; bundled notices"
"public/flags/4x3/es-ct.svg","svg","11229703126cc831021cf10b69552e3e5ed4534efadc44fa9aec151d2d4cca00","flag-icons 7.5.0; MIT; bundled notices"
"public/flags/4x3/es-ga.svg","svg","4e2fb46264a7998aa7e769327209344be630f75e514c5fc22e957590ae5e8cc1","flag-icons 7.5.0; MIT; bundled notices"
"public/flags/4x3/es-pv.svg","svg","df3beb6c83af9f45226eeef3f43a2c5b9d2c52017d3b26f57c656632cc6ee1d8","flag-icons 7.5.0; MIT; bundled notices"
"public/flags/4x3/es.svg","svg","f9cfaff858e95f830733ade9591037b5322dfb5827a53b70956a3d190bb49b9a","flag-icons 7.5.0; MIT; bundled notices"
"public/flags/4x3/et.svg","svg","43d5922fff81ae1accda75ed99b1b6e68dbebaa3d88a5d87f10a744f17cba34c","flag-icons 7.5.0; MIT; bundled notices"
"public/flags/4x3/eu.svg","svg","67040ccd286857e513262bc59a6825ea8520b3e6990e42f1075712c072460c09","flag-icons 7.5.0; MIT; bundled notices"
"public/flags/4x3/fi.svg","svg","012edd984cf1879463c2855b7df02dea2f7de7f7a66b244fb1e22b4227f7aa65","flag-icons 7.5.0; MIT; bundled notices"
"public/flags/4x3/fj.svg","svg","b23cbee897c889ce2d057aaca7c221b74a386ea58efb29da1982418564b58343","flag-icons 7.5.0; MIT; bundled notices"
"public/flags/4x3/fk.svg","svg","34676edea491307813e055ea141cc6886f266e958ea35825a0bc6adbccb5ae63","flag-icons 7.5.0; MIT; bundled notices"
"public/flags/4x3/fm.svg","svg","23db3e9fe582cc8dd5d3b9ad58aff1ef5cb359c330bbed59fc053d76355434de","flag-icons 7.5.0; MIT; bundled notices"
"public/flags/4x3/fo.svg","svg","ec85991b8a9255cae6ea4241413ae3bd836d8afd985cc3a6cc5f91a37a00a1b4","flag-icons 7.5.0; MIT; bundled notices"
"public/flags/4x3/fr.svg","svg","8cdacc8d79bcf210cdca2777a2c0de1f9e5862526877bd3026c9d59ecdcd4578","flag-icons 7.5.0; MIT; bundled notices"
"public/flags/4x3/ga.svg","svg","f7b775c474b0331222ed84a3d1b5a5d66af1c097c8565766db17a5cff5237c93","flag-icons 7.5.0; MIT; bundled notices"
"public/flags/4x3/gb-eng.svg","svg","53797ba9e2dd9b18cd5344255f4e9ae9fad743ecb628fc9feb98abea4f48f90e","flag-icons 7.5.0; MIT; bundled notices"
"public/flags/4x3/gb-nir.svg","svg","98f52ce85d1c3d94fb75fd7605c2c8e404b62fb09e97bdd1399d125a6eef8836","flag-icons 7.5.0; MIT; bundled notices"
"public/flags/4x3/gb-sct.svg","svg","7b55bce70824742222ccd804a4bc3d0e0f0f9416d103d05a46dd60825ce559f7","flag-icons 7.5.0; MIT; bundled notices"
"public/flags/4x3/gb-wls.svg","svg","61ad944644250599da53b344e16bb40529677a7f35b84aaf6bc81fd18eb09e24","flag-icons 7.5.0; MIT; bundled notices"
"public/flags/4x3/gb.svg","svg","c8be1e7208798a4ae692ee1e937065d498bb29e741943f6172b29118b8ed8066","flag-icons 7.5.0; MIT; bundled notices"
"public/flags/4x3/gd.svg","svg","eecc1f130ed02b2166c6f185439b7c95cabfa4a41b33c1a834ca59ffe4780785","flag-icons 7.5.0; MIT; bundled notices"
"public/flags/4x3/ge.svg","svg","0280a1279c3d1d772f1e885ee821e37a1cdb4aa085ca2870825fe10bad8d7ff1","flag-icons 7.5.0; MIT; bundled notices"
"public/flags/4x3/gf.svg","svg","cb5464e28e5fafd01fa1222c9605d6b7e67eb683e881fe59a3eb048f7f0b7b6b","flag-icons 7.5.0; MIT; bundled notices"
"public/flags/4x3/gg.svg","svg","ea806b4831074904a767c9744ca6defc2d8f44b8565c56528f5dcd1ecc54e9f5","flag-icons 7.5.0; MIT; bundled notices"
"public/flags/4x3/gh.svg","svg","53c55ca455293bceecfe6a5d6b12dc0bb670734c50bfd95cb21dc4ef12197405","flag-icons 7.5.0; MIT; bundled notices"
"public/flags/4x3/gi.svg","svg","483f5768d4c360c28a751dd121872ed9a2f6568fc358816a95378284526e1d0b","flag-icons 7.5.0; MIT; bundled notices"
"public/flags/4x3/gl.svg","svg","15a60b078ed13383947233241fd26f2a3a6e7e88658ef3b90f2bd6c4e658411e","flag-icons 7.5.0; MIT; bundled notices"
"public/flags/4x3/gm.svg","svg","2aa3fad4e8820fb42386f62d3efee1d3923817a49ed2bb05ba364c58d0ca4d3f","flag-icons 7.5.0; MIT; bundled notices"
"public/flags/4x3/gn.svg","svg","ee01e7dd4abb0a995980ec8d0ba2bf314b564c73fcaba39fed8a5f48a7c49753","flag-icons 7.5.0; MIT; bundled notices"
"public/flags/4x3/gp.svg","svg","ee9d78d0ee512858949eb8571960d1366e73ce751833b0da91154c2f74f88456","flag-icons 7.5.0; MIT; bundled notices"
"public/flags/4x3/gq.svg","svg","61ddf0a98d1d4bf93c6ec53eec080662efceabc37d1361eda4e7d291e10976d8","flag-icons 7.5.0; MIT; bundled notices"
"public/flags/4x3/gr.svg","svg","a184070f7678b06777be8ac38cb05ba41829591a6dac9b64b2b72db66aec82f5","flag-icons 7.5.0; MIT; bundled notices"
"public/flags/4x3/gs.svg","svg","71b1be86c54f5066be18bd92b32bc45df56780ce8c38e7aa3a1b81b4b2d1f58e","flag-icons 7.5.0; MIT; bundled notices"
"public/flags/4x3/gt.svg","svg","a20814d011af90ab2e80ea88eae9928cfce824cb9b50edf7b74ce2a98a159059","flag-icons 7.5.0; MIT; bundled notices"
"public/flags/4x3/gu.svg","svg","f49a02cc01b2c97d43e89260ed852e9bf7c5006fbbc384a2c786819ba6a6695f","flag-icons 7.5.0; MIT; bundled notices"
"public/flags/4x3/gw.svg","svg","6b81a234b51ceacb4b67e889bb5b7ccf5f1084ac34b4fded2b97af5336f4797e","flag-icons 7.5.0; MIT; bundled notices"
"public/flags/4x3/gy.svg","svg","5bd7a7b326efd9c28c3ec3b23118b241cb7643967fe9410611f392bc3deb65b0","flag-icons 7.5.0; MIT; bundled notices"
"public/flags/4x3/hk.svg","svg","d9d142b2b97ec3b8190bff3802072c1b4f15573a679eead89a0ce59986dcad0c","flag-icons 7.5.0; MIT; bundled notices"
"public/flags/4x3/hm.svg","svg","b57fb521c08a8f80adf13aa96f151db87e192c9ea3d22e0918fa57a187b3792f","flag-icons 7.5.0; MIT; bundled notices"
"public/flags/4x3/hn.svg","svg","67130fa043e9d30dda7691e0d59567ff32db435a0d72e4e57309bd439fd79995","flag-icons 7.5.0; MIT; bundled notices"
"public/flags/4x3/hr.svg","svg","3c98eae5ee93f0d75e10170beb96e26908830e2e6f7f7af2a4b281a097aeb946","flag-icons 7.5.0; MIT; bundled notices"
"public/flags/4x3/ht.svg","svg","d45f0285b56379b6816ab02ac0fcef2dc47b3f9a926a661e51a5c546b259e5d6","flag-icons 7.5.0; MIT; bundled notices"
"public/flags/4x3/hu.svg","svg","ffc4edd580d4b9789bee68f33cef24afe826ae571464350fe7b98c7a36b4ff8f","flag-icons 7.5.0; MIT; bundled notices"
"public/flags/4x3/ic.svg","svg","9a584e048b173dfdde0a5f007f9240072c32a42ad06021f8ee58368b26bbfac0","flag-icons 7.5.0; MIT; bundled notices"
"public/flags/4x3/id.svg","svg","5cd3acc4939dd7eae6318c8d75df8c0d1733f650e2504a2635b0dbf3dfabb040","flag-icons 7.5.0; MIT; bundled notices"
"public/flags/4x3/ie.svg","svg","f82568d70bd1624ff7ce3ced8712a718a224ff2424fd2ade2da4339be3bba463","flag-icons 7.5.0; MIT; bundled notices"
"public/flags/4x3/il.svg","svg","04a099ac4370b5e856f5f8d44ce0822ec47a6d3bc395a7d048d3a46d69274d68","flag-icons 7.5.0; MIT; bundled notices"
"public/flags/4x3/im.svg","svg","6edaeb06a7ad667f801dec7deda2aa6aa9632df904c3cb7fc558f0c5061516e4","flag-icons 7.5.0; MIT; bundled notices"
"public/flags/4x3/in.svg","svg","91185efa1a9b52cdc0e470712518efeefc4e4d6a6555bae9de997ba71885bb98","flag-icons 7.5.0; MIT; bundled notices"
"public/flags/4x3/io.svg","svg","3b82705371d04eb663b1e477d24f91e55063f2a9ed4ffb542449abe90f2e12a2","flag-icons 7.5.0; MIT; bundled notices"
"public/flags/4x3/iq.svg","svg","073b07113d582dfea58fbd7e7e63cd9626bfa4afc87b3446a2a798981e26a412","flag-icons 7.5.0; MIT; bundled notices"
"public/flags/4x3/ir.svg","svg","cb363e09bafbff6de7c2fba6a002ca33f0563dc83a2328d34adb492cf80ca629","flag-icons 7.5.0; MIT; bundled notices"
"public/flags/4x3/is.svg","svg","4ef2de6fb25ff5a16789e8ffc3b68894527e68c89dce3b4e1118f5bbcc0bb7ae","flag-icons 7.5.0; MIT; bundled notices"
"public/flags/4x3/it.svg","svg","9fa88118818d9b64838f578e2babcca3d0630aed21b5c33b34aff7ac5ce506bc","flag-icons 7.5.0; MIT; bundled notices"
"public/flags/4x3/je.svg","svg","200badc2286f389d5f36d63e8bfbb9adf1f16b7b996d0e40d2a19833b8fbc7cb","flag-icons 7.5.0; MIT; bundled notices"
"public/flags/4x3/jm.svg","svg","f837df1ac21a4c64be2c977e2faeb6d6593624703d7c61b71a857fa8355b7f47","flag-icons 7.5.0; MIT; bundled notices"
"public/flags/4x3/jo.svg","svg","e3a570d5c50c15f4aca73d27b2543ee335fd04151847e3d8ef2b42e5ac1ebe12","flag-icons 7.5.0; MIT; bundled notices"
"public/flags/4x3/jp.svg","svg","bfea80baf9989383dc4bf7ca594ed95be0df0ff125bfc88d0bfa878eb0198022","flag-icons 7.5.0; MIT; bundled notices"
"public/flags/4x3/ke.svg","svg","699163d87382eb969d8a26d4ce1a99a00264e8b7b95276abf585476506f46e82","flag-icons 7.5.0; MIT; bundled notices"
"public/flags/4x3/kg.svg","svg","b0cf3e6806af23d8712a7007a27e8669403c00aef75faa2d7a15d183fc3d0587","flag-icons 7.5.0; MIT; bundled notices"
"public/flags/4x3/kh.svg","svg","21a9681682a2158cab294bd1826a2dda2e3edf17aff891d692c6c976c3d9c874","flag-icons 7.5.0; MIT; bundled notices"
"public/flags/4x3/ki.svg","svg","01206661587925daf1e57d8b6a6eb85f07a8ccf2230b89ed9b6e3a39b83f0ce0","flag-icons 7.5.0; MIT; bundled notices"
"public/flags/4x3/km.svg","svg","81e1befbbdeab3b2a4ec451e060b161bbcc6de00b97ef9d99791bc5741dfddab","flag-icons 7.5.0; MIT; bundled notices"
"public/flags/4x3/kn.svg","svg","0832acb7396986c7ba99bdfdadc563df322363f91659775f14aeeeacdd546c7e","flag-icons 7.5.0; MIT; bundled notices"
"public/flags/4x3/kp.svg","svg","f79bc8b6502445b51fd6db4bb9b6fa9d49f7fbe00da77b6af4d052b6d9fec4d3","flag-icons 7.5.0; MIT; bundled notices"
"public/flags/4x3/kr.svg","svg","7a6cd5b51d0e2841ed8b79b1147ad8a66cf3c09f6344d4a63b5e4413ffa5d15b","flag-icons 7.5.0; MIT; bundled notices"
"public/flags/4x3/kw.svg","svg","172a4281fdaf4b168471afcffc9e9ea277d6b5e54acc1a18b2f8ddc0a255cd7c","flag-icons 7.5.0; MIT; bundled notices"
"public/flags/4x3/ky.svg","svg","a15e10f11df6e945230ea2870d578330065e56b7e0624e40c9cba6ab28b64272","flag-icons 7.5.0; MIT; bundled notices"
"public/flags/4x3/kz.svg","svg","381b22e4c287b13e191c208bccfc2cfb9156cd657de248f033b920a0c713a1f3","flag-icons 7.5.0; MIT; bundled notices"
"public/flags/4x3/la.svg","svg","da591b989d90a90d03c736d8515fe567832eb9f24dcfa7a2870b1cf3196fdb05","flag-icons 7.5.0; MIT; bundled notices"
"public/flags/4x3/lb.svg","svg","94b12b3f1dc43809f93516592f07bb4eb85dabbfdd6010b736f467fa64283e7f","flag-icons 7.5.0; MIT; bundled notices"
"public/flags/4x3/lc.svg","svg","99645e005699eba454a0c3bf052b84d161267b615d8be60c41acb41f9355e47d","flag-icons 7.5.0; MIT; bundled notices"
"public/flags/4x3/li.svg","svg","77a33513c5288a0f2044f918efd2f82ba789d599f2e934b2af39b60fba8d9458","flag-icons 7.5.0; MIT; bundled notices"
"public/flags/4x3/lk.svg","svg","ed3eee24d19872d6adcecd589513c057c6ecfe4997af36e8d25ef9ed58660d23","flag-icons 7.5.0; MIT; bundled notices"
"public/flags/4x3/lr.svg","svg","69f2ce4b9490ab3c94ca30dc94862e5f1e8cb0f84344e5db0eb9300df5c66146","flag-icons 7.5.0; MIT; bundled notices"
"public/flags/4x3/ls.svg","svg","83d2e4152ef06ed39f5792dd2d5b9aa9953e3cbfe645f0384449e87b73dc96fb","flag-icons 7.5.0; MIT; bundled notices"
"public/flags/4x3/lt.svg","svg","dc0401993f6e14b3a58fa496d874b95dfcb58614052a868b14492166782c1006","flag-icons 7.5.0; MIT; bundled notices"
"public/flags/4x3/lu.svg","svg","a0a530e396ac2e2490d32d432a89c08a3d35081816ba089241b9b2b2a76a049e","flag-icons 7.5.0; MIT; bundled notices"
"public/flags/4x3/lv.svg","svg","15d4e812a30208a1caaba6922a3f585db17827d67afae81626ffe4e1e9344ea7","flag-icons 7.5.0; MIT; bundled notices"
"public/flags/4x3/ly.svg","svg","47d96b6e011cd540bdeb30155cbd7994f929cd2f5b84cffdd50936b876823f41","flag-icons 7.5.0; MIT; bundled notices"
"public/flags/4x3/ma.svg","svg","28cfcdecf9675b0a14fbfae176324aea03711edab1a13592cfb7d58e6772b25c","flag-icons 7.5.0; MIT; bundled notices"
"public/flags/4x3/mc.svg","svg","690c23fe64b6ac71770657fd87f744b88196a7853abb28017b5bff54473ae0da","flag-icons 7.5.0; MIT; bundled notices"
"public/flags/4x3/md.svg","svg","987ca12a752ec2b3594c115923d50160343a7d30af8ea5e316ae04fb12b8e9dd","flag-icons 7.5.0; MIT; bundled notices"
"public/flags/4x3/me.svg","svg","d284332e23ef88ae4f1b957ce1c6d9b9f691f94e4726f15d1a4219840008387b","flag-icons 7.5.0; MIT; bundled notices"
"public/flags/4x3/mf.svg","svg","137b371d2ccb0e2901e0eec84e9273cfc8b0b941fcb0e3239ab62a8af0eda649","flag-icons 7.5.0; MIT; bundled notices"
"public/flags/4x3/mg.svg","svg","59246c21300e2456c0c5170791698e43399b089de80a69474deeac00697d2b7b","flag-icons 7.5.0; MIT; bundled notices"
"public/flags/4x3/mh.svg","svg","96d7c0b917a5c064636d11239b2a3031e574bc782e2445ec917208eeb051ccaa","flag-icons 7.5.0; MIT; bundled notices"
"public/flags/4x3/mk.svg","svg","22488dc890fe1e5f7a8bea423dfe2e74f8ccf04402e75090cdeca030b12ca010","flag-icons 7.5.0; MIT; bundled notices"
"public/flags/4x3/ml.svg","svg","49e84081981f2b8ec245dcc66ebf44521fc91b3eae6e9f10c925616f78951f14","flag-icons 7.5.0; MIT; bundled notices"
"public/flags/4x3/mm.svg","svg","c0b2e23a7e202ff2ad69421ea1b528e58af4e541fc2f4b986479a9cdef7f18e0","flag-icons 7.5.0; MIT; bundled notices"
"public/flags/4x3/mn.svg","svg","92d5422514f63fc10800714e71e14b576437e69a22645cf74a7ac0f516d67a69","flag-icons 7.5.0; MIT; bundled notices"
"public/flags/4x3/mo.svg","svg","e1f783f6a43285a4338ee45cfe6f76db67801174968935b9f985d44d17914c83","flag-icons 7.5.0; MIT; bundled notices"
"public/flags/4x3/mp.svg","svg","fffb725bb0e0cdcdfb548bcd43f3eb9e10201d48a050d1249ebd35419d5cabbe","flag-icons 7.5.0; MIT; bundled notices"
"public/flags/4x3/mq.svg","svg","94315e14207c968bbaae8673d446075bd406263756986a86dd19852aff91a20e","flag-icons 7.5.0; MIT; bundled notices"
"public/flags/4x3/mr.svg","svg","ea338a9f7744fb25c3664f3cee5b2355e70bed7b0d79d952d246436cb600edb9","flag-icons 7.5.0; MIT; bundled notices"
"public/flags/4x3/ms.svg","svg","c5d14004b158c9e4d8693b3cb50f4331b72516877a6af805316c0b54da6ae1fc","flag-icons 7.5.0; MIT; bundled notices"
"public/flags/4x3/mt.svg","svg","a2ad157eeb5f1bb92dc9706ad90faa111dd39ec019586bc5d12e67c5a6aa6cd5","flag-icons 7.5.0; MIT; bundled notices"
"public/flags/4x3/mu.svg","svg","51f86810118855ca9a0b0501f3d363e0556fe74f429a66d1be9af5c027b3b593","flag-icons 7.5.0; MIT; bundled notices"
"public/flags/4x3/mv.svg","svg","5546d527d669b3935bbff11e0344fb8522200cf5ea84eba730d8a7a0b1e86f15","flag-icons 7.5.0; MIT; bundled notices"
"public/flags/4x3/mw.svg","svg","29a3e7057ec47f18bd8dd54312074335263b607c1543fcd969f89f14e307985f","flag-icons 7.5.0; MIT; bundled notices"
"public/flags/4x3/mx.svg","svg","9dbc8ad8b35e52ce7cb686d5cd93bd95e4c0dd8505c184186a740148ffd34901","flag-icons 7.5.0; MIT; bundled notices"
"public/flags/4x3/my.svg","svg","bb30e84a099d2d9dc286ab091bdd40ae7a8e332eb49827f2df4f11803e613667","flag-icons 7.5.0; MIT; bundled notices"
"public/flags/4x3/mz.svg","svg","ad91c2f8e6d6f80f19dca1fb080488539e2e39a4670ead32169d491bc88c3c03","flag-icons 7.5.0; MIT; bundled notices"
"public/flags/4x3/na.svg","svg","caa43fcdebb595ebf9808be7c5ba326a65bb40f78172182b1470102dd97a0182","flag-icons 7.5.0; MIT; bundled notices"
"public/flags/4x3/nc.svg","svg","962f9b9111d3efd559752fbf195f651bca7921b4fcd5f31126addd7e7c17652a","flag-icons 7.5.0; MIT; bundled notices"
"public/flags/4x3/ne.svg","svg","4b91653d53f76ddaf492a61adad3c1be86528ee9f23d7a18a6044c4eed165cad","flag-icons 7.5.0; MIT; bundled notices"
"public/flags/4x3/nf.svg","svg","c42c0423a879ba6131dc1342d42139a2fa5a714fa3c7c2cbb265ae1d85bb281c","flag-icons 7.5.0; MIT; bundled notices"
"public/flags/4x3/ng.svg","svg","b7a2a45a6499095efce41592428ff558ec5bd83d2751858dfe5fa4589334b66f","flag-icons 7.5.0; MIT; bundled notices"
"public/flags/4x3/ni.svg","svg","b9dfe1fc2aded19b2796ad7b9b681b64457250ca6043f2865b4160e9230d097f","flag-icons 7.5.0; MIT; bundled notices"
"public/flags/4x3/nl.svg","svg","8f691f17fe70894537af8e92f2ca47761d353639b0defc15cbe561eb503ab010","flag-icons 7.5.0; MIT; bundled notices"
"public/flags/4x3/no.svg","svg","ceea17af051dceefd5759a824213eb40ac8a8095aa88a6874a7bbc8de637357a","flag-icons 7.5.0; MIT; bundled notices"
"public/flags/4x3/np.svg","svg","b84c02e2fa659d0be6fc6b5963d5e9fbd25c3a6ab4d469aa61f1e3cdbd3f4637","flag-icons 7.5.0; MIT; bundled notices"
"public/flags/4x3/nr.svg","svg","f1de4b06479d454bb0a23a1bfee221e97d68e0a128002bfef1a1b3ea4c88ad46","flag-icons 7.5.0; MIT; bundled notices"
"public/flags/4x3/nu.svg","svg","835c94f3f7aa08d717e2f4254234947bfab26eaa925cbd50871b1de3d31676c5","flag-icons 7.5.0; MIT; bundled notices"
"public/flags/4x3/nz.svg","svg","794a2c8c09796090ab748a74bc35aed825e701eaddc46b138f300401ac9a25cd","flag-icons 7.5.0; MIT; bundled notices"
"public/flags/4x3/om.svg","svg","3204f5aa802cf3b2b782ba0ddfd798b42c0ba7c3125606245ac34bbb1cf26cc1","flag-icons 7.5.0; MIT; bundled notices"
"public/flags/4x3/pa.svg","svg","6181586e499d3bafb6190e0304904662dc31fc878ec8efcfab879455c15e83c4","flag-icons 7.5.0; MIT; bundled notices"
"public/flags/4x3/pc.svg","svg","cd2d7a9946475a3df0c066e57b5decf96b76cdd95051ba7fe5da1c2711f95b70","flag-icons 7.5.0; MIT; bundled notices"
"public/flags/4x3/pe.svg","svg","e9dd299d453d9c173203e60f69623ef2148dbee24b2a1763328e94d4dfece05f","flag-icons 7.5.0; MIT; bundled notices"
"public/flags/4x3/pf.svg","svg","67391766bf25f74433f1de41d7c2370215b23a375064b1345b12f9d0e0b6d35c","flag-icons 7.5.0; MIT; bundled notices"
"public/flags/4x3/pg.svg","svg","43e492331c192a947d9bd72ac6e1f4edcab1d86af097b8840faa9ac24e439d97","flag-icons 7.5.0; MIT; bundled notices"
"public/flags/4x3/ph.svg","svg","c3bd5e08ddc5f6dbdfa899af9efb45577e3841402e6a7f5d00fef754816b2884","flag-icons 7.5.0; MIT; bundled notices"
"public/flags/4x3/pk.svg","svg","89e851c0d541d8166b297e13bed97e0cb500bdb4ae48fd83a86b606a078352a8","flag-icons 7.5.0; MIT; bundled notices"
"public/flags/4x3/pl.svg","svg","369bb3e14ee718df1ee15fd2fb3ad0dae713f78f622e277710fb2b30a313f2aa","flag-icons 7.5.0; MIT; bundled notices"
"public/flags/4x3/pm.svg","svg","10cc79ca2b0f93864b6b16599a55f82c6b1c3af3f2b6be81ecde99031fc5f5f2","flag-icons 7.5.0; MIT; bundled notices"
"public/flags/4x3/pn.svg","svg","b647b2f7d9c6961b120f05a8ce196d6a79ec2082163e2b33f831947849aa7da4","flag-icons 7.5.0; MIT; bundled notices"
"public/flags/4x3/pr.svg","svg","968c343f7074f4312871383337f26454040aaa84f304460d518da549b2549f8d","flag-icons 7.5.0; MIT; bundled notices"
"public/flags/4x3/ps.svg","svg","5d95ca7526bf8edd90a913d7de08130688d68b7c2dd2825cbf0dde3a6aec20e3","flag-icons 7.5.0; MIT; bundled notices"
"public/flags/4x3/pt.svg","svg","a7a2cf0b44aaaaf4f3bdc0ee0fa308ec7085bdfedd3f72da1473d43fd2a569fb","flag-icons 7.5.0; MIT; bundled notices"
"public/flags/4x3/pw.svg","svg","a61ab9d94f2968304eaf62d838e0ba1674977da8a5056beae5776fe912a8e233","flag-icons 7.5.0; MIT; bundled notices"
"public/flags/4x3/py.svg","svg","fe0968470b7910543b23f7621b00cdeeebde8d90cffbd4fbcbfa97783a01cc04","flag-icons 7.5.0; MIT; bundled notices"
"public/flags/4x3/qa.svg","svg","fb955ef352ff3ba1ea980090c31d5cf15257729d32949d04b18402651e93b986","flag-icons 7.5.0; MIT; bundled notices"
"public/flags/4x3/re.svg","svg","7b5a5202ed96511c206fd9fcbcd07c6fd36588941ea013f16d942e525e75635c","flag-icons 7.5.0; MIT; bundled notices"
"public/flags/4x3/ro.svg","svg","17a3a747fc5e63302aaa670a667e5812f3676f46768e5a3e87b254bd41762840","flag-icons 7.5.0; MIT; bundled notices"
"public/flags/4x3/rs.svg","svg","b6e08e2eca1ec4c287e5d5d7c36d7d4ad9503ad030133b04cf315f95ab49961c","flag-icons 7.5.0; MIT; bundled notices"
"public/flags/4x3/ru.svg","svg","7100aaae51ff3b6a2bf0ca932b3bc518bdc760814725e7cca31d821a26c3dd7c","flag-icons 7.5.0; MIT; bundled notices"
"public/flags/4x3/rw.svg","svg","9512100aa3e8079ed3780e8b3d6cd6a49639d0986ad78a709f81e9d0827b65b2","flag-icons 7.5.0; MIT; bundled notices"
"public/flags/4x3/sa.svg","svg","5738c8cfca5fea63587cbcf69237996c8ce6283f8016853150686f37311b620e","flag-icons 7.5.0; MIT; bundled notices"
"public/flags/4x3/sb.svg","svg","b34eabf373af639cec1d7de7c0dff84df6487737f04510efcc356810147c2cfa","flag-icons 7.5.0; MIT; bundled notices"
"public/flags/4x3/sc.svg","svg","30cdbe42a1aed2dab0b26cb7b510901813cad3289835ef58e07d5ff1b554ec61","flag-icons 7.5.0; MIT; bundled notices"
"public/flags/4x3/sd.svg","svg","25b3fa24693ccbb80991235e235e9370895f182c509c687e96824faf6b65809a","flag-icons 7.5.0; MIT; bundled notices"
"public/flags/4x3/se.svg","svg","b3b5071e6c1d4a0e3db828bab5c7dfd68d0e90fcf3b25b15e9a2c4f96c1f79c9","flag-icons 7.5.0; MIT; bundled notices"
"public/flags/4x3/sg.svg","svg","25de9044c2e2775f7ccf9c1df02dd02342f915715b22c43248452b7ae24079a5","flag-icons 7.5.0; MIT; bundled notices"
"public/flags/4x3/sh-ac.svg","svg","6255a020309099387d437a4663c4775741d57718b025ffaad57ae6c0315ca029","flag-icons 7.5.0; MIT; bundled notices"
"public/flags/4x3/sh-hl.svg","svg","043640d8408a18d3856b8a52f29b2c5f6e2fab8b3e8d620f72de5fbabf9a4130","flag-icons 7.5.0; MIT; bundled notices"
"public/flags/4x3/sh-ta.svg","svg","6dec9556409088047ba423cc9d9d33948fca699adbe35107925e66398eb42d1a","flag-icons 7.5.0; MIT; bundled notices"
"public/flags/4x3/sh.svg","svg","559acea1c3e57186410e4058e3eca3a51c6b54744342434fdf6a74d71f0c2383","flag-icons 7.5.0; MIT; bundled notices"
"public/flags/4x3/si.svg","svg","3a5e0cac44baaea6b6d8e91054844b6ea72764f6dbe363c11ea11fd81203733a","flag-icons 7.5.0; MIT; bundled notices"
"public/flags/4x3/sj.svg","svg","b60dad0ef05ccf28511eda8bfb21773223c696ef597378e77b7d518fdfb21a76","flag-icons 7.5.0; MIT; bundled notices"
"public/flags/4x3/sk.svg","svg","578d0693bc95214334248b47c5719dd01cfc9839bd909a726df045d499fabbb6","flag-icons 7.5.0; MIT; bundled notices"
"public/flags/4x3/sl.svg","svg","d0c384b03a037f4eeb6c967346e3faafb4a09a3706667ac762999e54b55bc647","flag-icons 7.5.0; MIT; bundled notices"
"public/flags/4x3/sm.svg","svg","fc3388637c187533a086e1a25253cd96ce657bd7d105886624d21addb380af16","flag-icons 7.5.0; MIT; bundled notices"
"public/flags/4x3/sn.svg","svg","6437db13c13fa5cc1b121e6b59739902c6583be6db361260873ce2664f666478","flag-icons 7.5.0; MIT; bundled notices"
"public/flags/4x3/so.svg","svg","249e1acb87efcd0ef0f685285f14f5063f0bf260e0d28ca462e713c3f6178e7d","flag-icons 7.5.0; MIT; bundled notices"
"public/flags/4x3/sr.svg","svg","5194a6af4e0d8a350ba7c1f66873725a9e1c91f2054fb9e85fc59cf7f7f2c0f2","flag-icons 7.5.0; MIT; bundled notices"
"public/flags/4x3/ss.svg","svg","f7ac7017201841eee0b261f66be6787200a80fbeadbb869dc6e8823e3b2ec220","flag-icons 7.5.0; MIT; bundled notices"
"public/flags/4x3/st.svg","svg","880c17f94cb564b1818f604b764ac8c3b87e019d97724a7ebb9e69aa96821238","flag-icons 7.5.0; MIT; bundled notices"
"public/flags/4x3/sv.svg","svg","4c2b4e2b8bbb85d6cb97a5a35399f6fa9f269dc4b4c17591350441b61137041d","flag-icons 7.5.0; MIT; bundled notices"
"public/flags/4x3/sx.svg","svg","3088bb73f80188d67a504d8b34921a719720ab8e5839c6bdb56397670bb224f6","flag-icons 7.5.0; MIT; bundled notices"
"public/flags/4x3/sy.svg","svg","04c5e853ade8f2e5585a3c42e9c1a1a80248125acf6a44afa85e9bbf36cd96c5","flag-icons 7.5.0; MIT; bundled notices"
"public/flags/4x3/sz.svg","svg","5d6399c149d143306981f386048047b984586b2f85b0cf11fd7aeaa5757a81e9","flag-icons 7.5.0; MIT; bundled notices"
"public/flags/4x3/tc.svg","svg","b8d8c6898f888af85d64bb33aeaf1c507f28489215fae298d8a152f1d0156961","flag-icons 7.5.0; MIT; bundled notices"
"public/flags/4x3/td.svg","svg","19a278fbd88e7fa245b44b40a829bd2bc83f4a2b5521feb665cee8d629e2f026","flag-icons 7.5.0; MIT; bundled notices"
"public/flags/4x3/tf.svg","svg","0bf7174a781219bcc47895ff64101403a41632e62711f96a1d3dc8a1e1bbb531","flag-icons 7.5.0; MIT; bundled notices"
"public/flags/4x3/tg.svg","svg","f52b955fb48669d149991f511db818761589e8d45ce4dcc84478737cc0156d75","flag-icons 7.5.0; MIT; bundled notices"
"public/flags/4x3/th.svg","svg","329cc0d520536d6eb4b9304105f23650c2d02bbdba8f8696e996dbf166de6f2e","flag-icons 7.5.0; MIT; bundled notices"
"public/flags/4x3/tj.svg","svg","cd1afa9808833e4983986fa8818b73a9e1640f42c827692123a9639220c4a720","flag-icons 7.5.0; MIT; bundled notices"
"public/flags/4x3/tk.svg","svg","8040c00b82d542b3ff7c2b4cf4542ea7d36bb4f252fd3a954dcf60f3a99303a2","flag-icons 7.5.0; MIT; bundled notices"
"public/flags/4x3/tl.svg","svg","09c763aa3e5a48e2092348367b0bc93b1bc0536f5b527b31175e493132c55e19","flag-icons 7.5.0; MIT; bundled notices"
"public/flags/4x3/tm.svg","svg","378178e3d5c91c62dafd0416b3f2b789f9505d26db0aef93dab8f5979ad60841","flag-icons 7.5.0; MIT; bundled notices"
"public/flags/4x3/tn.svg","svg","8e0274e5762a4d5f783e64f1206dd69008454f750de21d3ba61439d0af3c577c","flag-icons 7.5.0; MIT; bundled notices"
"public/flags/4x3/to.svg","svg","b351703fccc1e08a13d2d57260dd71bee8280e393030b879b9df1c7ccd3a9538","flag-icons 7.5.0; MIT; bundled notices"
"public/flags/4x3/tr.svg","svg","256a1d6afbedb9f731566982331a1cd1ad14aba211b8a61d338855879505e74f","flag-icons 7.5.0; MIT; bundled notices"
"public/flags/4x3/tt.svg","svg","04c13dcd0b3690f91e752680653def1c2bbe5b4553b9e5dc75748b9339636749","flag-icons 7.5.0; MIT; bundled notices"
"public/flags/4x3/tv.svg","svg","d94fa5f107cbacdba29731226bc5ad06edc95784e3d29c20e1ea41fe384530b7","flag-icons 7.5.0; MIT; bundled notices"
"public/flags/4x3/tw.svg","svg","931757f06b9ee751fd1a0cc8dd7cf862e21fdcaf894d10ed7bcc68dabcca59ad","flag-icons 7.5.0; MIT; bundled notices"
"public/flags/4x3/tz.svg","svg","fd317abae009fa3629c51b82a6b9f1c529a7254406478047734bb52de83611cd","flag-icons 7.5.0; MIT; bundled notices"
"public/flags/4x3/ua.svg","svg","2d869c23ebfefb2ae0a633297c11dee06fcb666ce7b3ca75eba09b7a1a3a03ac","flag-icons 7.5.0; MIT; bundled notices"
"public/flags/4x3/ug.svg","svg","ab6aa03e1324d54ffbed5ea4560f757797f4729da58fc977527cedd586e928a5","flag-icons 7.5.0; MIT; bundled notices"
"public/flags/4x3/um.svg","svg","60a633301685f6e5218db358980dadd36a6994034ab5edfbebf24422ee7ce27b","flag-icons 7.5.0; MIT; bundled notices"
"public/flags/4x3/un.svg","svg","c7632022c033930994c65e495eeb49c34e28f4716e34563eacc36ccbc4da20ae","flag-icons 7.5.0; MIT; bundled notices"
"public/flags/4x3/us.svg","svg","e7be4240cf57987926673708f09233be1ab6bdf35acc7b86bd32a263f197a2a7","flag-icons 7.5.0; MIT; bundled notices"
"public/flags/4x3/uy.svg","svg","47656c0bf4961a1f7233841eb78756cd45d074e7d4061b8a1217bba7754a30fe","flag-icons 7.5.0; MIT; bundled notices"
"public/flags/4x3/uz.svg","svg","62ce6f1073416e8d3d599639ec8b105f4de167c0730f036e47c650e686c4ff5d","flag-icons 7.5.0; MIT; bundled notices"
"public/flags/4x3/va.svg","svg","e0c5f2ab3c7cc99a89c8a0b02253229b5eb7239ed2969103d5f2e49c0de91fc8","flag-icons 7.5.0; MIT; bundled notices"
"public/flags/4x3/vc.svg","svg","4e0a86447af4924dc11f26179f5cbb91195451ae766b2f777effe9c5f7cbc8f6","flag-icons 7.5.0; MIT; bundled notices"
"public/flags/4x3/ve.svg","svg","5712f1c63ba0bfa25a853c100cdebfd6698cce98fc2e0ba8d3fab35df541efa1","flag-icons 7.5.0; MIT; bundled notices"
"public/flags/4x3/vg.svg","svg","986913ded6a6365a65906d9185ead0c4411c5d71710fc2dfa4f47c16e4f708ab","flag-icons 7.5.0; MIT; bundled notices"
"public/flags/4x3/vi.svg","svg","69e264ecc5c61b1750863f7863d74860a8f3ef152167c0537deb633eadced21f","flag-icons 7.5.0; MIT; bundled notices"
"public/flags/4x3/vn.svg","svg","2355037201315d74581ab0ad60b5587a29a087d26b0525bdeb8676e64fae5b86","flag-icons 7.5.0; MIT; bundled notices"
"public/flags/4x3/vu.svg","svg","57d3b67abf0e57ef73b71822b7982abc49a9461883e8b60cbc85cf86dab28959","flag-icons 7.5.0; MIT; bundled notices"
"public/flags/4x3/wf.svg","svg","ad34db05b0badcbab865a0cbcd45cd0251479a20aa505173f276ca4a45b4fc6e","flag-icons 7.5.0; MIT; bundled notices"
"public/flags/4x3/ws.svg","svg","6b1a7ebcce97d75020af84da13b918875ba38ba4535b4d990b2be8985a67b8ad","flag-icons 7.5.0; MIT; bundled notices"
"public/flags/4x3/xk.svg","svg","290d7f74bc73f362f9679a0bb09b7de0f679ab9aeaedf3952e40d79e0e3d25af","flag-icons 7.5.0; MIT; bundled notices"
"public/flags/4x3/xx.svg","svg","5f776f5b5a4a4e13f5bc1780fe341e7f968dcf53ea9b526258b99adcdf6101f1","flag-icons 7.5.0; MIT; bundled notices"
"public/flags/4x3/ye.svg","svg","4ad43705cb40095dc7dd16d6981eb2a3f46dcebe879eed54b188c62cf48e9c65","flag-icons 7.5.0; MIT; bundled notices"
"public/flags/4x3/yt.svg","svg","f6ed4975d7f834a036bbd8a5cb59147c1515922055d41d7f1bb3291df2e43bfe","flag-icons 7.5.0; MIT; bundled notices"
"public/flags/4x3/za.svg","svg","1755a5e16f1c9f5120e4871e8454bdee663beb4fb4827012bcd02cb9044249c2","flag-icons 7.5.0; MIT; bundled notices"
"public/flags/4x3/zm.svg","svg","2753554062cd3761e53a180c3c8f8e245af622fb6ecf1c02020c79db0ff2d644","flag-icons 7.5.0; MIT; bundled notices"
"public/flags/4x3/zw.svg","svg","e27fcdcc882d7175cc4c07542779911043dc56262fe43b42f39bdaca09b762d5","flag-icons 7.5.0; MIT; bundled notices"
"public/group-avatars/cards.png","png","ec2012d63507de6bd3045c499ba5a4ef07a52751df3418ac26ff0417c2592c33","OpenAI generation recorded in group-avatars/README.md"
"public/group-avatars/chess-king.png","png","40229cc4cebd585516bfd2028d41fcf50fbef9ad619ac2463940f8b63a43a4c6","OpenAI generation recorded in group-avatars/README.md"
"public/group-avatars/chess-knight.png","png","675e865d701185a009745b43257b292c0ef865df49e09662334479bbf49bbe86","OpenAI generation recorded in group-avatars/README.md"
"public/group-avatars/dragon.png","png","1869f80a01ab9cb38d7c72157c71db0e868ae640bcdac483c5477c7d3969fcb5","OpenAI generation recorded in group-avatars/README.md"
"public/group-avatars/forest.png","png","bdd914025c537d3077d688a53ab0bdb2be5753c15cab76aaf00a15561494ceb9","OpenAI generation recorded in group-avatars/README.md"
"public/icons.svg","svg","b45fa506195cfcdef406ba9f0c77b36ddc1a7c224040926ec70abc2fdea7b93a","Author/source/permission not recorded per file; confirm or replace"
"public/images/anime/eichel-10.png","png","6d9d6f17d8f6e9773af8f2e161266ed5a67542cf7ab4c1c89bebad36177d689f","AI-generated with Codex; project owner confirmed 2026-10-07; third-party rights still apply"
"public/images/anime/eichel-7.png","png","46d12c9a6405441c47898117af5449318801a287d90e75a9c0eb91e4b7d2c20d","AI-generated with Codex; project owner confirmed 2026-10-07; third-party rights still apply"
"public/images/anime/eichel-8.png","png","c68c3691bf5e9298aaa0e8d9c1ea50f17f031ebdbf400badd9745af9e8a416ea","AI-generated with Codex; project owner confirmed 2026-10-07; third-party rights still apply"
"public/images/anime/eichel-9.png","png","f10d0680ffe9d51126c5089f78086c944da0e6fe545020252ffaf87e5c0b6647","AI-generated with Codex; project owner confirmed 2026-10-07; third-party rights still apply"
"public/images/anime/eichel-ace.png","png","67f3df5636f6b6337c83519f034dd400d5d82de80891491e5dd64216b2bf7e68","AI-generated with Codex; project owner confirmed 2026-10-07; third-party rights still apply"
"public/images/anime/eichel-king.png","png","3e4c87f5c9958022136d3815b8f3be2adc3889ba76cf3256b358fc1312d5caf7","AI-generated with Codex; project owner confirmed 2026-10-07; third-party rights still apply"
"public/images/anime/eichel-ober.png","png","a0bda53f202dd47642a66c9619da5c855848cfcdc76f897ab01b5c01181541bd","AI-generated with Codex; project owner confirmed 2026-10-07; third-party rights still apply"
"public/images/anime/eichel-unter.png","png","021c710190e505ab81262b84f460c0ad12343a5d5756d7d62bb642951e53e0c0","AI-generated with Codex; project owner confirmed 2026-10-07; third-party rights still apply"
"public/images/anime/gras-10.png","png","a7651f7bbe26f4f5ba66e85334fcb5c28f2cea094b9a9a98de09e12fb192e42f","AI-generated with Codex; project owner confirmed 2026-10-07; third-party rights still apply"
"public/images/anime/gras-7.png","png","4d9f81abf9cbb17119478c7c79b97511259c63e422ed01b27bec9493199a13bc","AI-generated with Codex; project owner confirmed 2026-10-07; third-party rights still apply"
"public/images/anime/gras-8.png","png","6c22c868c355e472b46b5ab7a1068e4eda3c2d28ecffb9aedaf5b4f284f20cbc","AI-generated with Codex; project owner confirmed 2026-10-07; third-party rights still apply"
"public/images/anime/gras-9.png","png","041f459b1987996b303e5423da40282b26f2fb6c4283792f15a6ffa7aca21eee","AI-generated with Codex; project owner confirmed 2026-10-07; third-party rights still apply"
"public/images/anime/gras-ace.png","png","877829cc8f4314e5cd26be7b8e942d200c656d2bf8aac7904978d366178c615d","AI-generated with Codex; project owner confirmed 2026-10-07; third-party rights still apply"
"public/images/anime/gras-king.png","png","41584ed93585ae5a26172d02260dc3f0a2a278e11a35d76bbbe5431108f7e6d8","AI-generated with Codex; project owner confirmed 2026-10-07; third-party rights still apply"
"public/images/anime/gras-ober.png","png","3438cd18c0f727bcf4d50f6d2a4143910a40a581f27ecca6e22bfbbd7e8e23c4","AI-generated with Codex; project owner confirmed 2026-10-07; third-party rights still apply"
"public/images/anime/gras-unter.png","png","69107e935b5ae3fae52d907455804fa05863cf62ebd15eb9a2eabea7a938769d","AI-generated with Codex; project owner confirmed 2026-10-07; third-party rights still apply"
"public/images/anime/herz-10.png","png","147944b92ed0bbe86cd37079cc106df12aef6cd2331d60f201178eee29648c92","AI-generated with Codex; project owner confirmed 2026-10-07; third-party rights still apply"
"public/images/anime/herz-7.png","png","a3b72b91a3039950eb439df60893feb69d7011853b3f52a02a50920e83d16139","AI-generated with Codex; project owner confirmed 2026-10-07; third-party rights still apply"
"public/images/anime/herz-8.png","png","4b74fbb436e1dcf678cf1d6b32628ce09466549a4bfcde6353cbfb60ac515820","AI-generated with Codex; project owner confirmed 2026-10-07; third-party rights still apply"
"public/images/anime/herz-9.png","png","89fa9af6e5bdcf1083fb633a9777331435ecc7754da40583c017c5137cc2ead3","AI-generated with Codex; project owner confirmed 2026-10-07; third-party rights still apply"
"public/images/anime/herz-ace.png","png","dec02ae4ac8a8f34364aaebe07819a73d6b2d34452723862fde0c1f19498cbf0","AI-generated with Codex; project owner confirmed 2026-10-07; third-party rights still apply"
"public/images/anime/herz-king.png","png","a28539b0bfe35199a02efe5dc4d258d3c864411319596903354099b7a2b9d9d2","AI-generated with Codex; project owner confirmed 2026-10-07; third-party rights still apply"
"public/images/anime/herz-ober.png","png","608c8ff8b6bdeec0750f00bd5cadf93bab20637b9500033172ba4ade44e440fd","AI-generated with Codex; project owner confirmed 2026-10-07; third-party rights still apply"
"public/images/anime/herz-unter.png","png","3dfb19a6a8b25485234c34226f3b977b31a60df2f72a41a02f1fe7a32adeb7b1","AI-generated with Codex; project owner confirmed 2026-10-07; third-party rights still apply"
"public/images/anime/schellen-10.png","png","1cd349962ee6db27bbfdc7ec5ec2e5e8a562d880b9880320759caffe0cb7b19c","AI-generated with Codex; project owner confirmed 2026-10-07; third-party rights still apply"
"public/images/anime/schellen-7.png","png","321e157ba7d2b25bc42d8d95f1af6fa1c2101b20e9e4d18571947bf33dd74622","AI-generated with Codex; project owner confirmed 2026-10-07; third-party rights still apply"
"public/images/anime/schellen-8.png","png","a067398e2532c526814d2130a200fc91b2246bb468f55b74615636c0466126a3","AI-generated with Codex; project owner confirmed 2026-10-07; third-party rights still apply"
"public/images/anime/schellen-9.png","png","0d8901c51f1b59e11d173afd208edafba7941426c1af06b4817e3edd36b904bd","AI-generated with Codex; project owner confirmed 2026-10-07; third-party rights still apply"
"public/images/anime/schellen-ace.png","png","321d5d09eae4665ebe060b635ca27060d7fb95b06b7a59e9f347740cb3c7b281","AI-generated with Codex; project owner confirmed 2026-10-07; third-party rights still apply"
"public/images/anime/schellen-king.png","png","60bb652a7089f3d9849b29808a9f50adeee6a0103992fe2e4a449a1b32a43314","AI-generated with Codex; project owner confirmed 2026-10-07; third-party rights still apply"
"public/images/anime/schellen-ober.png","png","234c7fea3f238de9470f5eb5f7bef82cc4d5c8563e0fd0d27e36acb155320d34","AI-generated with Codex; project owner confirmed 2026-10-07; third-party rights still apply"
"public/images/anime/schellen-unter.png","png","ec7d25fa0c73321673af359fdcc7abcdad821b10dc66437f83fba668697dbbb4","AI-generated with Codex; project owner confirmed 2026-10-07; third-party rights still apply"
"public/images/atlas-arena.svg","svg","1d1985c92ada765d7dc5ed48c4b1faf01a0ce022f6eeee8515aa926c861b46b6","AI-generated with Codex; project owner confirmed 2026-10-07; third-party rights still apply"
"public/images/atlas-bathymetry.png","png","44df1e510ccad2ec7f929d3787843a46d9ac53f5d4bd80757560fd667ba23b42","AI-generated with Codex; project owner confirmed 2026-10-07; third-party rights still apply"
"public/images/bavarian/eichel-10.png","png","5e59bd3d6d2333cb8bd5f1d1a659718c9abbc54e4d528d4f5562edf5b92c71ac","AI-generated with Codex; project owner confirmed 2026-10-07; third-party rights still apply"
"public/images/bavarian/eichel-7.png","png","0e2625de162d597bad186876b35edfa7c1f76212d636b9622a5344bbe1748a1a","AI-generated with Codex; project owner confirmed 2026-10-07; third-party rights still apply"
"public/images/bavarian/eichel-8.png","png","3cd3c988bcd89b586edd348244f1e285e74e3828f282a63482f295a1593bcc06","AI-generated with Codex; project owner confirmed 2026-10-07; third-party rights still apply"
"public/images/bavarian/eichel-9.png","png","cd2b0d3d318fdc56d8d31d4a776d3080c5942622234bd4116dd9e313527dea18","AI-generated with Codex; project owner confirmed 2026-10-07; third-party rights still apply"
"public/images/bavarian/eichel-ace.png","png","d213fe879fc5193aa2cf849e5da066cbde57de9d3338ee04d606a1a4b9364997","AI-generated with Codex; project owner confirmed 2026-10-07; third-party rights still apply"
"public/images/bavarian/eichel-king.png","png","93a886298052d488030e471bf3fada62a5264fba371a72d52469bd5bd8c386c9","AI-generated with Codex; project owner confirmed 2026-10-07; third-party rights still apply"
"public/images/bavarian/eichel-ober.png","png","8bcf4deb2a90660e62fa7d7d2553eb5d3eb48dc52928046d38780291cf2a476c","AI-generated with Codex; project owner confirmed 2026-10-07; third-party rights still apply"
"public/images/bavarian/eichel-unter.png","png","18c75c1b10e3106ca01a3104dbf4ea7806540c16ff9db47024c6af4d6e04afce","AI-generated with Codex; project owner confirmed 2026-10-07; third-party rights still apply"
"public/images/bavarian/gras-10.png","png","dae5738b69a0705dc03180e46964182be0881b1466b946a7aeb9a06f58ef3227","AI-generated with Codex; project owner confirmed 2026-10-07; third-party rights still apply"
"public/images/bavarian/gras-7.png","png","a111a622775a5b27bee8f1adbe8b62048048215e49fc303ac4a7202cf57ca9aa","AI-generated with Codex; project owner confirmed 2026-10-07; third-party rights still apply"
"public/images/bavarian/gras-8.png","png","2d7151173ef207bc5c648b366921477fee05266485675432b07135415f4aafb7","AI-generated with Codex; project owner confirmed 2026-10-07; third-party rights still apply"
"public/images/bavarian/gras-9.png","png","8c797a4d79a2b6c4d7ecdc8b995668b4661163658d071c3b909cf88638ce2bc8","AI-generated with Codex; project owner confirmed 2026-10-07; third-party rights still apply"
"public/images/bavarian/gras-ace.png","png","83f92dc2ed9708f81decbcc801fe726456bc01e117d19079b68602a1704a5ff8","AI-generated with Codex; project owner confirmed 2026-10-07; third-party rights still apply"
"public/images/bavarian/gras-king.png","png","412c4aa7a8de8a7812d2b2aed24893aea9256b6ab15b1d9c4fb8b75ac66cb9f4","AI-generated with Codex; project owner confirmed 2026-10-07; third-party rights still apply"
"public/images/bavarian/gras-ober.png","png","b8fe27aa5e36b8509d8478262e9f8406d964d36970b2d60660d01863b8c40ae5","AI-generated with Codex; project owner confirmed 2026-10-07; third-party rights still apply"
"public/images/bavarian/gras-unter.png","png","3d953a7e0d9cc0a9de929842e3ff077ec9cdce74b09516272467f46cf8c54bec","AI-generated with Codex; project owner confirmed 2026-10-07; third-party rights still apply"
"public/images/bavarian/herz-10.png","png","26480585f94e3a4d74a20a15efec918d4b14efbf7dbee7ea150c2fc66b57c342","AI-generated with Codex; project owner confirmed 2026-10-07; third-party rights still apply"
"public/images/bavarian/herz-7.png","png","f01495d3998e4915c719b03b64285c90f062d6587929aa8f225db544e4188289","AI-generated with Codex; project owner confirmed 2026-10-07; third-party rights still apply"
"public/images/bavarian/herz-8.png","png","647dfa1d4524ed03f223f30b29243c10256d33fc5fdc9b80aa39350f6db772ca","AI-generated with Codex; project owner confirmed 2026-10-07; third-party rights still apply"
"public/images/bavarian/herz-9.png","png","01d522dfdbadf7581dae577ce50caf3ab2b223a12c9e3926f0358df7e8a77e86","AI-generated with Codex; project owner confirmed 2026-10-07; third-party rights still apply"
"public/images/bavarian/herz-ace.png","png","6ac3fa3c44466926e2a10132aff6bda898da5c49da1d2dbc2b46f97dbcca0ba6","AI-generated with Codex; project owner confirmed 2026-10-07; third-party rights still apply"
"public/images/bavarian/herz-king.png","png","30bbd56b6fe85efb5a3801e99dac48c584eec31d4faaddb536a3c4455255cc63","AI-generated with Codex; project owner confirmed 2026-10-07; third-party rights still apply"
"public/images/bavarian/herz-ober.png","png","26f660cb6c502c89dab4947ae3daa1b0e2a4a0fdfce8a2933545792efab40f34","AI-generated with Codex; project owner confirmed 2026-10-07; third-party rights still apply"
"public/images/bavarian/herz-unter.png","png","2b05c2842d9ce8106ed2044597cb8c7b9e82110a92122a321d47268317627fa9","AI-generated with Codex; project owner confirmed 2026-10-07; third-party rights still apply"
"public/images/bavarian/schellen-10.png","png","892e5b5353208a07cc4d511e9537c9c2f0a2f3bd053ffaa7555a679ac53e8f29","AI-generated with Codex; project owner confirmed 2026-10-07; third-party rights still apply"
"public/images/bavarian/schellen-7.png","png","bfb9c76b11ab25a11c4f57e73cbe75be0692036c5d0c7d03813c0fd4da854cbd","AI-generated with Codex; project owner confirmed 2026-10-07; third-party rights still apply"
"public/images/bavarian/schellen-8.png","png","95b7fbc83cecc9ad9c901b909544fb96b1583559a490d6f50df36fbcd31b8a5d","AI-generated with Codex; project owner confirmed 2026-10-07; third-party rights still apply"
"public/images/bavarian/schellen-9.png","png","c32c5df7d16bea6e9a60eb371d0394a8403c0279ba132e37bedf13f78bb8e9a0","AI-generated with Codex; project owner confirmed 2026-10-07; third-party rights still apply"
"public/images/bavarian/schellen-ace.png","png","12b9553338bdb23b9bea8cab33b4493b47b15193092e7d2572dbb4c785672c22","AI-generated with Codex; project owner confirmed 2026-10-07; third-party rights still apply"
"public/images/bavarian/schellen-king.png","png","5f09154bf10b77b06dbb6b68287c2a69c5b2745871068d445aa220250886f094","AI-generated with Codex; project owner confirmed 2026-10-07; third-party rights still apply"
"public/images/bavarian/schellen-ober.png","png","471e7bf9000693e6a93b50e9b75e3bc6a0ec862529d1d5479fea0fe5eac662e3","AI-generated with Codex; project owner confirmed 2026-10-07; third-party rights still apply"
"public/images/bavarian/schellen-unter.png","png","b5ef097fab87e24c0d37961025d7a1209392cb3da076cd88cfa2d6c0008831f0","AI-generated with Codex; project owner confirmed 2026-10-07; third-party rights still apply"
"public/images/card-builder.svg","svg","6d55fa95a86b4b5faa9059418e908cacf1a922a63496f197a790079f2462893e","AI-generated with Codex; project owner confirmed 2026-10-07; third-party rights still apply"
"public/images/chess-3d-background.png","png","47446169547cd67f712bfbb0d3d91614affcaa4a6b1f4404ca8b5e5467b0d382","AI-generated with Codex; project owner confirmed 2026-10-07; third-party rights still apply"
"public/images/chess-game-icon.png","png","d2e8057876e67450f48edb6e346a0fcd7f254f1739c029562fcb3e3d700fea93","AI-generated with Codex; project owner confirmed 2026-10-07; third-party rights still apply"
"public/images/chess-home-2.png","png","ee3637e940141790576cf7141ce9d9267cffc077e574de868e4fcaf498186c57","AI-generated with Codex; project owner confirmed 2026-10-07; third-party rights still apply"
"public/images/chess-home.png","png","0ecc1d9a52307406a3fd097240d520fa1bac492a5e4289be42b14ddc5a2a6692","AI-generated with Codex; project owner confirmed 2026-10-07; third-party rights still apply"
"public/images/chess-variant.png","png","9ed9b0daa9dd5569778e964dfb294c936825d178bd4ab6d40bfa22195d98b9b4","AI-generated with Codex; project owner confirmed 2026-10-07; third-party rights still apply"
"public/images/chess3d-icon.png","png","acc57b748393f0d38e895b7e376a6a402842d97d45dd6f60e1018d48d8fa2c6b","AI-generated with Codex; project owner confirmed 2026-10-07; third-party rights still apply"
"public/images/chess3d.png","png","3e9a6c92cea98fc7b8214668e41ee5009f2f20b2188efb4591721987e74627ae","AI-generated with Codex; project owner confirmed 2026-10-07; third-party rights still apply"
"public/images/eat-it.svg","svg","eb38bdeee8390e30f8aa5cc52ffe12d8a71d0ac2defdf3fb11f4396d15a77915","AI-generated with Codex; project owner confirmed 2026-10-07; third-party rights still apply"
"public/images/games/atlas-arena.png","png","63407a1ad66db89227625124e732e64215189f73130ddb567c145f9197a41aab","AI-generated with Codex; project owner confirmed 2026-10-07; third-party rights still apply"
"public/images/games/go.png","png","35ff05fd8ce89512b0d7331517ab08c98eba7c27ce40e9a947d861bf42bb1be6","AI-generated with Codex; project owner confirmed 2026-10-07; third-party rights still apply"
"public/images/games/natura.png","png","713c10244606a9a13f91833607e5cdeb407e1d324ab7175456e56a07cf744690","AI-generated with Codex; project owner confirmed 2026-10-07; third-party rights still apply"
"public/images/games/schafkopf.png","png","85d94a33273b3293ac2a162907422d6de786577ba304792e6b71345e62f10590","AI-generated with Codex; project owner confirmed 2026-10-07; third-party rights still apply"
"public/images/games/watten.png","png","3632f6d52b3b38356ed50417cc501fe3290fa600b8646b3c1e6b00c0de867b9f","AI-generated with Codex; project owner confirmed 2026-10-07; third-party rights still apply"
"public/images/go-home.svg","svg","e964ae8d0e7c513015f15b1c436d5221978f8ff242697e8b029ec5505c8694a6","AI-generated with Codex; project owner confirmed 2026-10-07; third-party rights still apply"
"public/images/horror/eichel-10.png","png","4099f7629ebdba08c85b8f23b0f90a16162ce50da99181cb51e50f60ad37e2f0","AI-generated with Codex; project owner confirmed 2026-10-07; third-party rights still apply"
"public/images/horror/eichel-7.png","png","04ea0633af40d56e33e09ab77f52411b4b2e8fa6dfa027ca191892d7cbaf193c","AI-generated with Codex; project owner confirmed 2026-10-07; third-party rights still apply"
"public/images/horror/eichel-8.png","png","6e34fc8547c4e017b383e112e4f3c9dc454728bc05eea66b236a6362100b6ac4","AI-generated with Codex; project owner confirmed 2026-10-07; third-party rights still apply"
"public/images/horror/eichel-9.png","png","cd89b50ccee899899b5b0720260cd050fd6f8e021f66b2287e2c2ed7659bd602","AI-generated with Codex; project owner confirmed 2026-10-07; third-party rights still apply"
"public/images/horror/eichel-ace.png","png","18a5745162412b0880d403f04bdda78dad4c09444079076447101576761c13a9","AI-generated with Codex; project owner confirmed 2026-10-07; third-party rights still apply"
"public/images/horror/eichel-king.png","png","f4a6dab48a8d0a1b5687c321784fd379177d40a3d52e416cd0bce62171ef9123","AI-generated with Codex; project owner confirmed 2026-10-07; third-party rights still apply"
"public/images/horror/eichel-ober.png","png","7849161831d74c7f7982eded910a91a166af1458f892e005ebe6cf39d10b4f37","AI-generated with Codex; project owner confirmed 2026-10-07; third-party rights still apply"
"public/images/horror/eichel-unter.png","png","8c9a076eaaf10b6957af4bd048a7904c7b6a7eb07d2f8f8e18e9d1a462d8869a","AI-generated with Codex; project owner confirmed 2026-10-07; third-party rights still apply"
"public/images/horror/gras-10.png","png","4b2012dbae8f1954e38b0df8227025c3dbc0b349c1eedf041ce5d0e94834f481","AI-generated with Codex; project owner confirmed 2026-10-07; third-party rights still apply"
"public/images/horror/gras-7.png","png","3160d323575f6741c319192f920d12e7a2fccc32d63c25417f1b900bbe090355","AI-generated with Codex; project owner confirmed 2026-10-07; third-party rights still apply"
"public/images/horror/gras-8.png","png","134ea73d7cd07fe6d29d40a082b50bc35e62c58c0081666a3fc26bcb2a312de1","AI-generated with Codex; project owner confirmed 2026-10-07; third-party rights still apply"
"public/images/horror/gras-9.png","png","1928cf7d8b8f1ad6ce043e310313be85f8ae1878eeed57e052de32a805bd79c2","AI-generated with Codex; project owner confirmed 2026-10-07; third-party rights still apply"
"public/images/horror/gras-ace.png","png","501219e7f9df4aede76099e827c4226c5db217926c23bc20b10745776e1ae9ad","AI-generated with Codex; project owner confirmed 2026-10-07; third-party rights still apply"
"public/images/horror/gras-king.png","png","1f5e1d3ee12a6a5ed0abdfd0140b8deea148f849ee7825c8bbcdada0745090f4","AI-generated with Codex; project owner confirmed 2026-10-07; third-party rights still apply"
"public/images/horror/gras-ober.png","png","bdd2be90748f4dab40ab932b35fa7748717207a136e526177366ba83c16eacac","AI-generated with Codex; project owner confirmed 2026-10-07; third-party rights still apply"
"public/images/horror/gras-unter.png","png","b7c31e80c263cfc481a6d401b4fbd8f4229ea11cb022bdeec78b93580e1c596a","AI-generated with Codex; project owner confirmed 2026-10-07; third-party rights still apply"
"public/images/horror/herz-10.png","png","b772197a4150ac16507066ec8b5e842c38b07bf7eac0430c8b09397c47224e18","AI-generated with Codex; project owner confirmed 2026-10-07; third-party rights still apply"
"public/images/horror/herz-7.png","png","b257441540db47a7530bae46d3f275870e32a18df9fc0174ad8f514d2333a031","AI-generated with Codex; project owner confirmed 2026-10-07; third-party rights still apply"
"public/images/horror/herz-8.png","png","ee253078507773e15a3aa3034d9515d91a7a324e69c1d87eb1a7e8bb5f17fa7b","AI-generated with Codex; project owner confirmed 2026-10-07; third-party rights still apply"
"public/images/horror/herz-9.png","png","d22618e57a86779628b72344710dc46e3c733d17126a2baa566721e2488f408b","AI-generated with Codex; project owner confirmed 2026-10-07; third-party rights still apply"
"public/images/horror/herz-ace.png","png","3573278f3d08955cc2e2d81649d0d80655d7e1c81e75cbe1c5832d3a4e213d03","AI-generated with Codex; project owner confirmed 2026-10-07; third-party rights still apply"
"public/images/horror/herz-king.png","png","bc19368b1f93d556c3eb12ef07c4a22be6a8215e09aee05c5a81e7519eabb887","AI-generated with Codex; project owner confirmed 2026-10-07; third-party rights still apply"
"public/images/horror/herz-ober.png","png","08cb13bdbeae88947d954dc185f26f333150caa96dbb88b3818b57415b0495d8","AI-generated with Codex; project owner confirmed 2026-10-07; third-party rights still apply"
"public/images/horror/herz-unter.png","png","9be1b24574f338e62f4750617b74ab1215b3f689cd905198178937427411667d","AI-generated with Codex; project owner confirmed 2026-10-07; third-party rights still apply"
"public/images/horror/schellen-10.png","png","8a4c45c1b853b5ab4a6fbf346616236177f5c53ae99718b3705256a191379769","AI-generated with Codex; project owner confirmed 2026-10-07; third-party rights still apply"
"public/images/horror/schellen-7.png","png","191cec394b9675eb5af66d447db8db38d73e742aac8234f04ca0025e0a0d75c7","AI-generated with Codex; project owner confirmed 2026-10-07; third-party rights still apply"
"public/images/horror/schellen-8.png","png","9b3bc3f321fe0d44e6e21d8f719904074cefb2d840d3438ff9a757d4ac622021","AI-generated with Codex; project owner confirmed 2026-10-07; third-party rights still apply"
"public/images/horror/schellen-9.png","png","9cf2dafda4ff5ee894812a94bc5e3775f4fbe8c050150de2ce6850d2d813d293","AI-generated with Codex; project owner confirmed 2026-10-07; third-party rights still apply"
"public/images/horror/schellen-ace.png","png","7a9620284e5d1947f79aea35a2cb489a92b35e17fd1dc04ffd45e6e3d03c942d","AI-generated with Codex; project owner confirmed 2026-10-07; third-party rights still apply"
"public/images/horror/schellen-king.png","png","2a579f2d259d286528307e2e57b55099dedb6a9cd599df09d43c32699fd53975","AI-generated with Codex; project owner confirmed 2026-10-07; third-party rights still apply"
"public/images/horror/schellen-ober.png","png","f7115cfcbf2a045aefdd67447178efd4e3d0360e13ab8f5e77c919eb2bafcf24","AI-generated with Codex; project owner confirmed 2026-10-07; third-party rights still apply"
"public/images/horror/schellen-unter.png","png","a9a33371f6a14a1d564f8868a774ff69ef1da5a26afdab6e5c24c60a004e4c6f","AI-generated with Codex; project owner confirmed 2026-10-07; third-party rights still apply"
"public/images/icons/eichel.webp","webp","74b03bd2652b8b25ece7fa5f749806bb886b50ce32feecbc16d2d3faabe7f48f","AI-generated with Codex; project owner confirmed 2026-10-07; third-party rights still apply"
"public/images/icons/gras.webp","webp","8c48e2eae5fdeb285b0912bcb7b4563227614d286f72f0ebd9714fe69c731dc3","AI-generated with Codex; project owner confirmed 2026-10-07; third-party rights still apply"
"public/images/icons/herz.webp","webp","77ec947d40fd0454a34354201cad5ca2234445be329d1a41f87546a97221e213","AI-generated with Codex; project owner confirmed 2026-10-07; third-party rights still apply"
"public/images/icons/schellen.webp","webp","019912ed35a125c47c61dd20b42b21094c745e7421dac2e945a7eeb690af8b8f","AI-generated with Codex; project owner confirmed 2026-10-07; third-party rights still apply"
"public/images/medieval-kingdoms-icon.png","png","61240b75716710cb5d97e01ae01a140e3da4b0edcb6efe1c6e538bae4447ef47","AI-generated with Codex; project owner confirmed 2026-10-07; third-party rights still apply"
"public/images/medieval-kingdoms.png","png","abedfff82e383621b5ccfa60b0a36b8c8cf66f8a994a81b9d4bbe6f0cba5125e","AI-generated with Codex; project owner confirmed 2026-10-07; third-party rights still apply"
"public/images/modern/eichel-10.png","png","9eb7abe495d51a4f42eb17b378eb9286f5227319d9063dbf9b6cf1c96bd7c01d","AI-generated with Codex; project owner confirmed 2026-10-07; third-party rights still apply"
"public/images/modern/eichel-7.png","png","60b78213aad2d267d19a295beb5e18b98190f1e04ffec1972d48911c5ccca659","AI-generated with Codex; project owner confirmed 2026-10-07; third-party rights still apply"
"public/images/modern/eichel-8.png","png","9dfd6ccf1621d546ec252ace33d7479cd42270c68f432cfcce3b8f695e3e7e70","AI-generated with Codex; project owner confirmed 2026-10-07; third-party rights still apply"
"public/images/modern/eichel-9.png","png","531053ea7d36053a894d3dfe905de5a2b9d20fa4d781f714ba173156d44aaaab","AI-generated with Codex; project owner confirmed 2026-10-07; third-party rights still apply"
"public/images/modern/eichel-ace.png","png","322cac9e1f281097d1e949fc184e47d2c21be6143917dae1b0364fe98bf098c8","AI-generated with Codex; project owner confirmed 2026-10-07; third-party rights still apply"
"public/images/modern/eichel-king.png","png","fc72776b2db080e29e2556133ba80af2bdfcfb7d3e9574641149786672f44bf0","AI-generated with Codex; project owner confirmed 2026-10-07; third-party rights still apply"
"public/images/modern/eichel-ober.png","png","d474472e2283aa761d7cdd3f443b9fec821cf0af8ee44662da7f100f2b19ece4","AI-generated with Codex; project owner confirmed 2026-10-07; third-party rights still apply"
"public/images/modern/eichel-unter.png","png","59c3baf0e3e7966e5aa69312db26b5ca3a0153074172e1cf9bc17a55131e4794","AI-generated with Codex; project owner confirmed 2026-10-07; third-party rights still apply"
"public/images/modern/gras-10.png","png","7bf43cf8600de555e101bec8165739989bd7777c4833599f863170f0452ef635","AI-generated with Codex; project owner confirmed 2026-10-07; third-party rights still apply"
"public/images/modern/gras-7.png","png","e890b56c1156bd726d68cf245fe716860b8c34fd0825f4f5db933c0625eec095","AI-generated with Codex; project owner confirmed 2026-10-07; third-party rights still apply"
"public/images/modern/gras-8.png","png","16c78d27c39eec13d1f7e92c0b340e0181176a263e88eeae705e02a50a657dee","AI-generated with Codex; project owner confirmed 2026-10-07; third-party rights still apply"
"public/images/modern/gras-9.png","png","3364dd5fb303a088e59910a32ff0a0c45f19b5c0508e7e3a3b870b4c94b46add","AI-generated with Codex; project owner confirmed 2026-10-07; third-party rights still apply"
"public/images/modern/gras-ace.png","png","2ba1d1f28a6f1413b8e0ea5d69639a7b77b2e43befe9180a187fa1d065985cae","AI-generated with Codex; project owner confirmed 2026-10-07; third-party rights still apply"
"public/images/modern/gras-king.png","png","1da96c1e7c24506e29fb22811977d33a1af1a5e4f5a7496066ab1f75cf15bf13","AI-generated with Codex; project owner confirmed 2026-10-07; third-party rights still apply"
"public/images/modern/gras-ober.png","png","6d817961eb64432db819459f607d718a4f5818a2ac747315b568a6cd66dbf602","AI-generated with Codex; project owner confirmed 2026-10-07; third-party rights still apply"
"public/images/modern/gras-unter.png","png","5dfad5019d7e5ee0ca078e3f004894fdb28eaf440fb5cb68be736393dc968aa9","AI-generated with Codex; project owner confirmed 2026-10-07; third-party rights still apply"
"public/images/modern/herz-10.png","png","3041a79ca9b1d741c38695e91a4c44606b656737f20633461bcc97eab9dbad6f","AI-generated with Codex; project owner confirmed 2026-10-07; third-party rights still apply"
"public/images/modern/herz-7.png","png","8d9239ed7cdde2d1238d11f630856d5e1283664948b1652ddc381acd7a020945","AI-generated with Codex; project owner confirmed 2026-10-07; third-party rights still apply"
"public/images/modern/herz-8.png","png","207fa2704705e2a6788005946bd5f72093ff35e4c6977f016d72e97dbfe5f11a","AI-generated with Codex; project owner confirmed 2026-10-07; third-party rights still apply"
"public/images/modern/herz-9.png","png","7579bcbd5d335459adeb5344ce6e03f9fb9fc9a2a75a65d9244d4796ea5e6e30","AI-generated with Codex; project owner confirmed 2026-10-07; third-party rights still apply"
"public/images/modern/herz-ace.png","png","e60fee5efd020d358612f70b731daa62389d844e1d9812f128390f8441552e55","AI-generated with Codex; project owner confirmed 2026-10-07; third-party rights still apply"
"public/images/modern/herz-king.png","png","d8b7552eda40801944c371300adb166ad1179598721779bbc5753b0a8620173b","AI-generated with Codex; project owner confirmed 2026-10-07; third-party rights still apply"
"public/images/modern/herz-ober.png","png","0746b2eb2b4f4c7e31aa5b0f2dc3165f0cbf298327593be4a3b6fe5cc3babeab","AI-generated with Codex; project owner confirmed 2026-10-07; third-party rights still apply"
"public/images/modern/herz-unter.png","png","1d62dc9e0534c5f06a753f1ff02357b1ba4338c7ce9e0570c85153addadcef71","AI-generated with Codex; project owner confirmed 2026-10-07; third-party rights still apply"
"public/images/modern/schellen-10.png","png","f5083beaf63ad03a38b1615029f2d1862e7821b23aba84ba19f5f35c2286ea46","AI-generated with Codex; project owner confirmed 2026-10-07; third-party rights still apply"
"public/images/modern/schellen-7.png","png","57d79a5a085affcb2d918bc9e69f2704a25be8d0d39bc10f8088871c7653084f","AI-generated with Codex; project owner confirmed 2026-10-07; third-party rights still apply"
"public/images/modern/schellen-8.png","png","a5f5c72b6a04ffcc6b1de5c090d493f849f77d85761b2f0dfaa1f5406678d15c","AI-generated with Codex; project owner confirmed 2026-10-07; third-party rights still apply"
"public/images/modern/schellen-9.png","png","ff09620231f54d3811b571c17ed1e656ea9d3a14d33e1d0a84cbbfa502e9280b","AI-generated with Codex; project owner confirmed 2026-10-07; third-party rights still apply"
"public/images/modern/schellen-ace.png","png","66a4a1d3d14c76fcaef6314b318121a8067e53b8688f01beca3360eda4514d37","AI-generated with Codex; project owner confirmed 2026-10-07; third-party rights still apply"
"public/images/modern/schellen-king.png","png","f7a16d180d1e83b377d6754a221d54cc220539177fa324284d7eb0640fd0c6de","AI-generated with Codex; project owner confirmed 2026-10-07; third-party rights still apply"
"public/images/modern/schellen-ober.png","png","2945afff01009b1f657fc528693d4fe4dddab3813002fad2757a485c2692d959","AI-generated with Codex; project owner confirmed 2026-10-07; third-party rights still apply"
"public/images/modern/schellen-unter.png","png","84fddd540b1cd2aa1b701fae38430452972d401747d47195efad211934761e12","AI-generated with Codex; project owner confirmed 2026-10-07; third-party rights still apply"
"public/images/natura-field-guide.png","png","55ae3984763574590fe81b40ec695f0dfbdc964e2016735fc4a3435729df4085","AI-generated with Codex; project owner confirmed 2026-10-07; third-party rights still apply"
"public/images/pluto-party.svg","svg","0a6cb8f605bbd4b7b158e3f21f790b96e9d85445dbb34c7a25852a4d19558fc8","AI-generated with Codex; project owner confirmed 2026-10-07; third-party rights still apply"
"public/images/schafkopf-bar-seats.jpg","jpg","85e5a45badecb94d43a488c45b512348a0ae75e587f83a0ef328d8818d43b90d","AI-generated with Codex; project owner confirmed 2026-10-07; third-party rights still apply"
"public/images/schafkopf-bar-stools-empty.png","png","01fa08919d235848ffdb21162db5dde082c2283fb326086506f662fcd53b6bce","AI-generated with Codex; project owner confirmed 2026-10-07; third-party rights still apply"
"public/images/schafkopf-bar-stools.png","png","705da1650ed0fec9203f204681bbe660c5084ffc78454742cc33a243bbc4eb6a","AI-generated with Codex; project owner confirmed 2026-10-07; third-party rights still apply"
"public/images/schafkopf-bar.png","png","f907a8d56f3bfa7cc4cdf08c49d5a4c68660df066aba99ceee97407059f751d2","AI-generated with Codex; project owner confirmed 2026-10-07; third-party rights still apply"
"public/images/schafkopf-beach-first-person.png","png","295a3a13a9f2690ae167ea58c10fc5a69c22e145658ca33775c2a7df24414c8b","AI-generated with Codex; project owner confirmed 2026-10-07; third-party rights still apply"
"public/images/schafkopf-beach-picnic.png","png","6bf5830a52a4470b79e4efed94fe5f0cc47aee9829a94028a4ce23d106763c91","AI-generated with Codex; project owner confirmed 2026-10-07; third-party rights still apply"
"public/images/schafkopf-beach-seats.jpg","jpg","7dcde4d4ca3bccd1df05907cf5296ba93cc3e3252b21344327a1e216a2a65b16","AI-generated with Codex; project owner confirmed 2026-10-07; third-party rights still apply"
"public/images/schafkopf-beach-table.png","png","73f37fddf4f76dab8b7f2e88768bff9a978b28ea7a1833bb4e79fd109bb63035","AI-generated with Codex; project owner confirmed 2026-10-07; third-party rights still apply"
"public/images/schafkopf-garden-first-person.png","png","cdccf7d33427031a0d03d150f69ec6cfae806cc39ce6c4f3c19d0ac991aa63e2","AI-generated with Codex; project owner confirmed 2026-10-07; third-party rights still apply"
"public/images/schafkopf-garden-seats.jpg","jpg","3b00c2da1a3871ccd3bfa891c356022ada2dce52ed5a968c414d1bf821588fc0","AI-generated with Codex; project owner confirmed 2026-10-07; third-party rights still apply"
"public/images/schafkopf-garden-table.png","png","787930d1c55bca2489080f4da8587cca34b09e982571e6f6e19e0c331af9bfa1","AI-generated with Codex; project owner confirmed 2026-10-07; third-party rights still apply"
"public/images/schafkopf-mountain-balcony.png","png","b9e109ff5eb99187b246db880711d7ef8eecde93d7f3d5a68ba8a33f27a439a2","AI-generated with Codex; project owner confirmed 2026-10-07; third-party rights still apply"
"public/images/schafkopf/avatars/bavarian.png","png","7446cb82743df55d0f374ccc04544e578a4a1710add9035d6c0b6331d6af0154","AI-generated with Codex; project owner confirmed 2026-10-07; third-party rights still apply"
"public/images/schafkopf/avatars/blonde.png","png","d84e0ee3110e35789997ab705bf9524b2c38e1c48bd2ca3c783aef153a741064","AI-generated with Codex; project owner confirmed 2026-10-07; third-party rights still apply"
"public/images/schafkopf/avatars/dirndl.png","png","181845b5882398ee07a3d4a18b65b5d0b6fd9728f63866198c40c2e651887d62","AI-generated with Codex; project owner confirmed 2026-10-07; third-party rights still apply"
"public/images/schafkopf/avatars/minecraft-boy.png","png","55ce17c974f253cf3d02b3e35fcdd8433dee82fff70d9d9f5fc53fab878ee1ba","AI-generated with Codex; project owner confirmed 2026-10-07; third-party rights still apply"
"public/images/schafkopf/avatars/plaid.png","png","ed8019928d558db56220ca0b245b340bfa6b0b85f2d91afc40442347459c54b2","AI-generated with Codex; project owner confirmed 2026-10-07; third-party rights still apply"
"public/images/schafkopf/avatars/sporty.png","png","299bf415b1325515eec2cb36dd2a21ac3b483ceced4c980830300b5819113468","AI-generated with Codex; project owner confirmed 2026-10-07; third-party rights still apply"
"public/images/schafkopf/bayerisches-blatt/eichel-10.png","png","189cee9ddf66368e52d70e77ce819617a24c8f7466a8aac69af15857985b607a","AI-generated with Codex; project owner confirmed 2026-10-07; third-party rights still apply"
"public/images/schafkopf/bayerisches-blatt/eichel-7.png","png","daed23079129dff02f6663723d7536612f793729675d0baf414920db4cdbe53d","AI-generated with Codex; project owner confirmed 2026-10-07; third-party rights still apply"
"public/images/schafkopf/bayerisches-blatt/eichel-8.png","png","5ae92c0f19101336ede96c0d241bf8e86214da361485fd9c3f5b15ecd6bd7256","AI-generated with Codex; project owner confirmed 2026-10-07; third-party rights still apply"
"public/images/schafkopf/bayerisches-blatt/eichel-9.png","png","56a976f0bc0f73b03220c662ff3b02b8f00504f7f17e75699297f18c45bbf87e","AI-generated with Codex; project owner confirmed 2026-10-07; third-party rights still apply"
"public/images/schafkopf/bayerisches-blatt/eichel-ace.png","png","b1120a00e944d2a1951c38e5ffd1de48b7ae89db428d9baa7d8bea160da1f29b","AI-generated with Codex; project owner confirmed 2026-10-07; third-party rights still apply"
"public/images/schafkopf/bayerisches-blatt/eichel-king.png","png","253b4a60e06da7e8223b53b501e939e35dd86e7782eef8c0b7eab3205ea982d2","AI-generated with Codex; project owner confirmed 2026-10-07; third-party rights still apply"
"public/images/schafkopf/bayerisches-blatt/eichel-ober.png","png","ccc9312ae87cb5ec53a16b0903423336fd425ce6d2d78011fa625cc37f32d137","AI-generated with Codex; project owner confirmed 2026-10-07; third-party rights still apply"
"public/images/schafkopf/bayerisches-blatt/eichel-unter.png","png","f587e6de16f3bc4df200fb950eeae590a2941f557934cd104df9257a0a9eae88","AI-generated with Codex; project owner confirmed 2026-10-07; third-party rights still apply"
"public/images/schafkopf/bayerisches-blatt/gras-10.png","png","d3dbc0970fb6e938d198df32d9f921bd57dac0bfb4d4c87f0f2bebc4609d15ae","AI-generated with Codex; project owner confirmed 2026-10-07; third-party rights still apply"
"public/images/schafkopf/bayerisches-blatt/gras-7.png","png","84d142c65779107746a68493288dfd403af4f8caa655df83cbfecf513a0b9d7f","AI-generated with Codex; project owner confirmed 2026-10-07; third-party rights still apply"
"public/images/schafkopf/bayerisches-blatt/gras-8.png","png","839f0fea85836eee7c9bb26a5bfb4c721244e61ee96cc8ed5fe5da1d95c26bbc","AI-generated with Codex; project owner confirmed 2026-10-07; third-party rights still apply"
"public/images/schafkopf/bayerisches-blatt/gras-9.png","png","c8939ce27c60fce9d608c9f861f311c18644127657ef20aad67bcad8877a9a46","AI-generated with Codex; project owner confirmed 2026-10-07; third-party rights still apply"
"public/images/schafkopf/bayerisches-blatt/gras-ace.png","png","71f1edf3b1d89a428c1e4d881d486cc59cc93766c55d5eeef7790cd08ab69825","AI-generated with Codex; project owner confirmed 2026-10-07; third-party rights still apply"
"public/images/schafkopf/bayerisches-blatt/gras-king.png","png","184b67c7c65acf016c881f812f206d596d53233012a8abd71ff0b0093b19c1da","AI-generated with Codex; project owner confirmed 2026-10-07; third-party rights still apply"
"public/images/schafkopf/bayerisches-blatt/gras-ober.png","png","81b55e2d3f8001231907ac383cd9c098f62b9c40dd8dece596e8086d98a4426a","AI-generated with Codex; project owner confirmed 2026-10-07; third-party rights still apply"
"public/images/schafkopf/bayerisches-blatt/gras-unter.png","png","f84ddc31ad0ce0286c9ec8a61ff55769c12f79a786f0e97df61ce6c1d2e0549f","AI-generated with Codex; project owner confirmed 2026-10-07; third-party rights still apply"
"public/images/schafkopf/bayerisches-blatt/herz-10.png","png","c2e022471b5304de9026aa40c43a940d17e6326e408a69f880f4165a0ce61b59","AI-generated with Codex; project owner confirmed 2026-10-07; third-party rights still apply"
"public/images/schafkopf/bayerisches-blatt/herz-7.png","png","efd77fb368ab63e847e8e41696c239c4c3f9e6d1228bb4972a4ec6eed04a29b8","AI-generated with Codex; project owner confirmed 2026-10-07; third-party rights still apply"
"public/images/schafkopf/bayerisches-blatt/herz-8.png","png","4944c7203fd19eca6f2693f0849f1c7ae635b883a6654ccddcd1da89402945cf","AI-generated with Codex; project owner confirmed 2026-10-07; third-party rights still apply"
"public/images/schafkopf/bayerisches-blatt/herz-9.png","png","417535b750be2914d6323c30c1d30bd5d883c54880b923be1d28c3c073a88a8b","AI-generated with Codex; project owner confirmed 2026-10-07; third-party rights still apply"
"public/images/schafkopf/bayerisches-blatt/herz-ace.png","png","d92bf86909619f41c1e46f644227e4e9e83295e5bc2667b309bf92356e5069d0","AI-generated with Codex; project owner confirmed 2026-10-07; third-party rights still apply"
"public/images/schafkopf/bayerisches-blatt/herz-king.png","png","4fa9e28d84262a9423070f97a66eed83e68bf9b09485b669c7eb3adc95c29ac7","AI-generated with Codex; project owner confirmed 2026-10-07; third-party rights still apply"
"public/images/schafkopf/bayerisches-blatt/herz-ober.png","png","35f880abb970b7858a067bde27d835ac806d5ea06cce468c601a59d23019b868","AI-generated with Codex; project owner confirmed 2026-10-07; third-party rights still apply"
"public/images/schafkopf/bayerisches-blatt/herz-unter.png","png","89bbcdc3cfa47fc3fb2bb8ff3a2fdea3205e283d8f0f77cc2145c8c2ec7f8614","AI-generated with Codex; project owner confirmed 2026-10-07; third-party rights still apply"
"public/images/schafkopf/bayerisches-blatt/schellen-10.png","png","11f06b23eb89d0e0436bdb3c60a17db88d2720c6cd4f1fea9e43ee8f1b61228d","AI-generated with Codex; project owner confirmed 2026-10-07; third-party rights still apply"
"public/images/schafkopf/bayerisches-blatt/schellen-7.png","png","842841cc7a952b4116fff732c3703a2c2bae8f4a61c74944b2c4baf14ef27c0b","AI-generated with Codex; project owner confirmed 2026-10-07; third-party rights still apply"
"public/images/schafkopf/bayerisches-blatt/schellen-8.png","png","25b4a34976bfe0f4370f0c9f7717dd3d6817c76df553b09b7e4517b9b77352e1","AI-generated with Codex; project owner confirmed 2026-10-07; third-party rights still apply"
"public/images/schafkopf/bayerisches-blatt/schellen-9.png","png","dcb2c5edd948feb94b719f61fa16d451238131a287c5abd8306e8adb26fdb384","AI-generated with Codex; project owner confirmed 2026-10-07; third-party rights still apply"
"public/images/schafkopf/bayerisches-blatt/schellen-ace.png","png","13ca87edffeaf2e7cb4aab9c99258e824c8f99087d4944279ca8973b6e324e8d","AI-generated with Codex; project owner confirmed 2026-10-07; third-party rights still apply"
"public/images/schafkopf/bayerisches-blatt/schellen-king.png","png","c6a6c21a58e5b729cd8730732a226a35bf680422ce88cf7ab58e592c2e383558","AI-generated with Codex; project owner confirmed 2026-10-07; third-party rights still apply"
"public/images/schafkopf/bayerisches-blatt/schellen-ober.png","png","76927e562c7e744e4f40a7c36d701d8cb9cc4d4fd5f9d756ab76997fc4a92cfa","AI-generated with Codex; project owner confirmed 2026-10-07; third-party rights still apply"
"public/images/schafkopf/bayerisches-blatt/schellen-unter.png","png","f3f544647963df4aae0265364fba2f7d9dab722ffda332b77aa04b35a1fc7080","AI-generated with Codex; project owner confirmed 2026-10-07; third-party rights still apply"
"public/images/schafkopf/deutsches-blatt/eichel-10.png","png","58c37f1d819c831f6afcdb938ec79bd9f46e3d7c6d926fc943aa8c79f2887fa1","AI-generated with Codex; project owner confirmed 2026-10-07; third-party rights still apply"
"public/images/schafkopf/deutsches-blatt/eichel-7.png","png","36e17e55621f7e6e155d4c20bfda7c8933a76f5c9182beca8cb32d953814ecb9","AI-generated with Codex; project owner confirmed 2026-10-07; third-party rights still apply"
"public/images/schafkopf/deutsches-blatt/eichel-8.png","png","652ed0b4e45f3d5183fadcb98e479fcc8a2fed406647d3f67704e0b289049858","AI-generated with Codex; project owner confirmed 2026-10-07; third-party rights still apply"
"public/images/schafkopf/deutsches-blatt/eichel-9.png","png","6699583ce2e99b53ba52161ed7ae58c291a5f5771297b999cedcc5af7643ab59","AI-generated with Codex; project owner confirmed 2026-10-07; third-party rights still apply"
"public/images/schafkopf/deutsches-blatt/eichel-ace.png","png","c9532c97bfd7f6580c735e618c7e51d68a65ed88016d52ceb2865440f4bb8494","AI-generated with Codex; project owner confirmed 2026-10-07; third-party rights still apply"
"public/images/schafkopf/deutsches-blatt/eichel-king.png","png","9dac9352d3b716f15bf23cca7c0d0500d44c2e32eaa9229e4b762291f5303dbb","AI-generated with Codex; project owner confirmed 2026-10-07; third-party rights still apply"
"public/images/schafkopf/deutsches-blatt/eichel-ober.png","png","b9e214dc1bee2eb5cae9772b75542d3e28183c262b71a69b8956dddc1d3f8433","AI-generated with Codex; project owner confirmed 2026-10-07; third-party rights still apply"
"public/images/schafkopf/deutsches-blatt/eichel-unter.png","png","0c1f6d4f3b8130f0f56751c34d270d7255f4c30094ebe7ac3fa3c6d2813020fd","AI-generated with Codex; project owner confirmed 2026-10-07; third-party rights still apply"
"public/images/schafkopf/deutsches-blatt/gras-10.png","png","f6dc5bf18f17f43e4480a60fbc2f3f39032d80f857b7e592d1e28a73a62934b9","AI-generated with Codex; project owner confirmed 2026-10-07; third-party rights still apply"
"public/images/schafkopf/deutsches-blatt/gras-7.png","png","a1484022b2033956aeca361e3921022b7185ca2378e285ec78d26b6942985172","AI-generated with Codex; project owner confirmed 2026-10-07; third-party rights still apply"
"public/images/schafkopf/deutsches-blatt/gras-8.png","png","650fa3ed615258057fe1706fcef635e26e9a137e630f62ff474c1c22c56912e6","AI-generated with Codex; project owner confirmed 2026-10-07; third-party rights still apply"
"public/images/schafkopf/deutsches-blatt/gras-9.png","png","9f45320e5bc5b2b54ff1ae7d24398d42c90e9ee746d79edd16ab31a6c6252e5e","AI-generated with Codex; project owner confirmed 2026-10-07; third-party rights still apply"
"public/images/schafkopf/deutsches-blatt/gras-ace.png","png","93115503ce28847671d7a9f4835bcfcd3e4355fac9b6f7fae3c7ca57c144b3ad","AI-generated with Codex; project owner confirmed 2026-10-07; third-party rights still apply"
"public/images/schafkopf/deutsches-blatt/gras-king.png","png","451f9fc6242912f818456541fe977de80929c8774f9bf095c8ab1c6cb4ced799","AI-generated with Codex; project owner confirmed 2026-10-07; third-party rights still apply"
"public/images/schafkopf/deutsches-blatt/gras-ober.png","png","7d4e2ebc56938bd8d4717e37561b55c341f238b2389b8452ba8727139a87d56c","AI-generated with Codex; project owner confirmed 2026-10-07; third-party rights still apply"
"public/images/schafkopf/deutsches-blatt/gras-unter.png","png","7d6aee537aaeb501fe363a772d63d09dab1a767a372ce4f1829130644e327be5","AI-generated with Codex; project owner confirmed 2026-10-07; third-party rights still apply"
"public/images/schafkopf/deutsches-blatt/herz-10.png","png","fa1f300799e3dfe9aee81e775e82c82747dd5cdb38c0a266cd29e3f1436ffbf9","AI-generated with Codex; project owner confirmed 2026-10-07; third-party rights still apply"
"public/images/schafkopf/deutsches-blatt/herz-7.png","png","cccbc7da52a7cd4f684b98548fb27b01483112e06169d3768f3d904136e94af4","AI-generated with Codex; project owner confirmed 2026-10-07; third-party rights still apply"
"public/images/schafkopf/deutsches-blatt/herz-8.png","png","8381bdd50c237a9a139bce08407bf4d15b291878301abd5ac8a0b1fc87f54f39","AI-generated with Codex; project owner confirmed 2026-10-07; third-party rights still apply"
"public/images/schafkopf/deutsches-blatt/herz-9.png","png","f68acc832f10c3eba51525dd3ec995d7d6d2407e01dec57db5c92a45a5cd9147","AI-generated with Codex; project owner confirmed 2026-10-07; third-party rights still apply"
"public/images/schafkopf/deutsches-blatt/herz-ace.png","png","1d280515b5c415731ef707a240e21b52b2f442df6ae43f9974285e095798bdb9","AI-generated with Codex; project owner confirmed 2026-10-07; third-party rights still apply"
"public/images/schafkopf/deutsches-blatt/herz-king.png","png","7c2316afb33323688e87bb3bcdf31551d8cfca73f1767b15c08497be626371e3","AI-generated with Codex; project owner confirmed 2026-10-07; third-party rights still apply"
"public/images/schafkopf/deutsches-blatt/herz-ober.png","png","be66e271cfcd1a3bdb1a91b2cd9aa1b31b6c411455678234168c55b5fa9ed16f","AI-generated with Codex; project owner confirmed 2026-10-07; third-party rights still apply"
"public/images/schafkopf/deutsches-blatt/herz-unter.png","png","9e9bfe5efc2b940f125086f78150c86d752385f22e6713309cf425c7ed9fa2cb","AI-generated with Codex; project owner confirmed 2026-10-07; third-party rights still apply"
"public/images/schafkopf/deutsches-blatt/schellen-10.png","png","13232c6a117ef3a8989d4731ca02226cea70ea242521b0af8e6d745889eafa0b","AI-generated with Codex; project owner confirmed 2026-10-07; third-party rights still apply"
"public/images/schafkopf/deutsches-blatt/schellen-7.png","png","e996073020693b7cd75ffb3fab66ddecf75501a7ca179cc8362a135536c21999","AI-generated with Codex; project owner confirmed 2026-10-07; third-party rights still apply"
"public/images/schafkopf/deutsches-blatt/schellen-8.png","png","c39e9037cd1e0151b8c531aadec38c3474ea0e44480eb3d40628381000cf4185","AI-generated with Codex; project owner confirmed 2026-10-07; third-party rights still apply"
"public/images/schafkopf/deutsches-blatt/schellen-9.png","png","4af9b154297f625f030ae031d82ccd4300ef9636ae2f894c7e9d42ae58e574e9","AI-generated with Codex; project owner confirmed 2026-10-07; third-party rights still apply"
"public/images/schafkopf/deutsches-blatt/schellen-ace.png","png","ab19f094ee369ab869e0131a0365779888ecf9c8b88c2f5bef9ec382c28886b4","AI-generated with Codex; project owner confirmed 2026-10-07; third-party rights still apply"
"public/images/schafkopf/deutsches-blatt/schellen-king.png","png","a914ce130b6c960a4e32c41ad3f2a2a9cdef4cfc8374ec6a9821ecc42c4036d0","AI-generated with Codex; project owner confirmed 2026-10-07; third-party rights still apply"
"public/images/schafkopf/deutsches-blatt/schellen-ober.png","png","4cc1bef4700bf34f15b9257d09c89e00c6a0626558ee63167379faf189b97f88","AI-generated with Codex; project owner confirmed 2026-10-07; third-party rights still apply"
"public/images/schafkopf/deutsches-blatt/schellen-unter.png","png","23821b562d7064c390d9f93caf580290d6d42ef7abd5f6fd16ee67074efd073e","AI-generated with Codex; project owner confirmed 2026-10-07; third-party rights still apply"
"public/images/schafkopf/wuerttemberger-blatt/eichel-10.png","png","15a1bb3604223cdaf7a6ebaba0365c9781a3f7927af003d07d7872c372f68594","AI-generated with Codex; project owner confirmed 2026-10-07; third-party rights still apply"
"public/images/schafkopf/wuerttemberger-blatt/eichel-7.png","png","ff3bbe5321624b3c438e021298a575fda53bcbe5b249c4ca36b78680dbb60f74","AI-generated with Codex; project owner confirmed 2026-10-07; third-party rights still apply"
"public/images/schafkopf/wuerttemberger-blatt/eichel-8.png","png","6d17f3bdc3382c073ca8b42cc70f72e9b7b1debc7ffefc19add26ab6f0a23f75","AI-generated with Codex; project owner confirmed 2026-10-07; third-party rights still apply"
"public/images/schafkopf/wuerttemberger-blatt/eichel-9.png","png","912bba34b4a18a5fb010bdd8fc7825af81ae9c7a56e6d154bbf149effeeb4567","AI-generated with Codex; project owner confirmed 2026-10-07; third-party rights still apply"
"public/images/schafkopf/wuerttemberger-blatt/eichel-ace.png","png","37382d931040c6c71dcc78b049ebacd7aa6bf21821e341c75cb2ddfab4ecfa70","AI-generated with Codex; project owner confirmed 2026-10-07; third-party rights still apply"
"public/images/schafkopf/wuerttemberger-blatt/eichel-king.png","png","ccde8ee30b2f9044b173ad67ad66d6fbb490c4ea4f11f8497a13edfa8f89c897","AI-generated with Codex; project owner confirmed 2026-10-07; third-party rights still apply"
"public/images/schafkopf/wuerttemberger-blatt/eichel-ober.png","png","01c64cf76ec678e05ac2cffd99f8337a1d165a85065c0ad474f7e00d2f6d93e3","AI-generated with Codex; project owner confirmed 2026-10-07; third-party rights still apply"
"public/images/schafkopf/wuerttemberger-blatt/eichel-unter.png","png","509ae788866121c817989c2ccb4e564f124fc7b6f4915fa8d1cef2a9477e6f50","AI-generated with Codex; project owner confirmed 2026-10-07; third-party rights still apply"
"public/images/schafkopf/wuerttemberger-blatt/gras-10.png","png","a708dfee0245f89e6287664521311e89be206c2b8617114fc5cec498d4f87985","AI-generated with Codex; project owner confirmed 2026-10-07; third-party rights still apply"
"public/images/schafkopf/wuerttemberger-blatt/gras-7.png","png","aecfab75c3940b617963c4bbdb4aad1e1b81aa56b0664684c5d561350263230c","AI-generated with Codex; project owner confirmed 2026-10-07; third-party rights still apply"
"public/images/schafkopf/wuerttemberger-blatt/gras-8.png","png","65803bb1b2d326a3bb026c50f476744b67bfd0fe3b8bc7e0ed47e73f6145abdd","AI-generated with Codex; project owner confirmed 2026-10-07; third-party rights still apply"
"public/images/schafkopf/wuerttemberger-blatt/gras-9.png","png","05a1b28b669d0a6df6bcc8b229c7ce5fb07e23ac4edacfb6c91dc7b943092988","AI-generated with Codex; project owner confirmed 2026-10-07; third-party rights still apply"
"public/images/schafkopf/wuerttemberger-blatt/gras-ace.png","png","8dca8208bd5dd0e21811b2e510349bc1f794a1cfb81a1d9adf24b51e0ce8a750","AI-generated with Codex; project owner confirmed 2026-10-07; third-party rights still apply"
"public/images/schafkopf/wuerttemberger-blatt/gras-king.png","png","3449532dc417b1681b67b14a947b6ec06c0f209352c87cbaec8e19e4b4669398","AI-generated with Codex; project owner confirmed 2026-10-07; third-party rights still apply"
"public/images/schafkopf/wuerttemberger-blatt/gras-ober.png","png","7e61c1e12edfab6aa78e0c52e810aaa717fb06e21ce1070f6ba54f8c0e6a4659","AI-generated with Codex; project owner confirmed 2026-10-07; third-party rights still apply"
"public/images/schafkopf/wuerttemberger-blatt/gras-unter.png","png","07517a36d96960e5b0e788e7ee9c722ba18b7d6468c5801c29452dd7f169f3b1","AI-generated with Codex; project owner confirmed 2026-10-07; third-party rights still apply"
"public/images/schafkopf/wuerttemberger-blatt/herz-10.png","png","199eae2dd32a47df17d6528b6045aae6fe1eb5c0c4e7d1847ad951829b0c097e","AI-generated with Codex; project owner confirmed 2026-10-07; third-party rights still apply"
"public/images/schafkopf/wuerttemberger-blatt/herz-7.png","png","df86b3207dae612598a9748c0f7c26f7ac60f4d525dbf35c6a912596b2d3431f","AI-generated with Codex; project owner confirmed 2026-10-07; third-party rights still apply"
"public/images/schafkopf/wuerttemberger-blatt/herz-8.png","png","469886795e41d98dfea344c5108238a6e5dcbf997c1440177011e6c3206ccf6f","AI-generated with Codex; project owner confirmed 2026-10-07; third-party rights still apply"
"public/images/schafkopf/wuerttemberger-blatt/herz-9.png","png","1e17cbcb6ef0506bec78bacee071cdb5306931411b9b1b71fd567bc28dbdc9d0","AI-generated with Codex; project owner confirmed 2026-10-07; third-party rights still apply"
"public/images/schafkopf/wuerttemberger-blatt/herz-ace.png","png","d3929918c59159288e13ec2c483362c39dd8c0337906c8765de19b889eab776e","AI-generated with Codex; project owner confirmed 2026-10-07; third-party rights still apply"
"public/images/schafkopf/wuerttemberger-blatt/herz-king.png","png","bc45e550bae15ce4e007b49b291be25c7954a1838fc93ec6c8aa8af34f2a7195","AI-generated with Codex; project owner confirmed 2026-10-07; third-party rights still apply"
"public/images/schafkopf/wuerttemberger-blatt/herz-ober.png","png","4539bbbb79afb74e226c2aea1b2e88f8c90f47845d5d42f6cd5edc2df730cede","AI-generated with Codex; project owner confirmed 2026-10-07; third-party rights still apply"
"public/images/schafkopf/wuerttemberger-blatt/herz-unter.png","png","816961a44c0de3656bb5c452352845e6d840cc0cb75c9b01a0d3ff4768ce317f","AI-generated with Codex; project owner confirmed 2026-10-07; third-party rights still apply"
"public/images/schafkopf/wuerttemberger-blatt/schellen-10.png","png","a26a165d079dc8bb3424ea4d4c310e4ee92c734ba576fc8a60957f5bf734fd53","AI-generated with Codex; project owner confirmed 2026-10-07; third-party rights still apply"
"public/images/schafkopf/wuerttemberger-blatt/schellen-7.png","png","41ed80540d1262bcc1c5d304a7faa22708ea61738f11765e2794fee762c4ec37","AI-generated with Codex; project owner confirmed 2026-10-07; third-party rights still apply"
"public/images/schafkopf/wuerttemberger-blatt/schellen-8.png","png","8982454c2881bc59570fac5244197068b775699020ea249f3eeccb39fbf82fb6","AI-generated with Codex; project owner confirmed 2026-10-07; third-party rights still apply"
"public/images/schafkopf/wuerttemberger-blatt/schellen-9.png","png","8a6e1a9cf18e33d929f8f1b51170c7fafb3d09cc04c91cb17f07b9a58150d3fb","AI-generated with Codex; project owner confirmed 2026-10-07; third-party rights still apply"
"public/images/schafkopf/wuerttemberger-blatt/schellen-ace.png","png","9b340e143578f3d4c14cfa79a7a4f28ddfb8962bcc9710586211162a99691e68","AI-generated with Codex; project owner confirmed 2026-10-07; third-party rights still apply"
"public/images/schafkopf/wuerttemberger-blatt/schellen-king.png","png","2a17338326f8bc23c8f70041745ede4dc704092ed7fcc71d6966423206b79dc2","AI-generated with Codex; project owner confirmed 2026-10-07; third-party rights still apply"
"public/images/schafkopf/wuerttemberger-blatt/schellen-ober.png","png","4dffbea61f5dfd5600a82bf7212eca9ff138ccc2fcbbcca0ae34801740325df9","AI-generated with Codex; project owner confirmed 2026-10-07; third-party rights still apply"
"public/images/schafkopf/wuerttemberger-blatt/schellen-unter.png","png","c8f36cfc40fccb1ad6062c156378441de7d1f935c09b3e5c9877c0f3c3833eb4","AI-generated with Codex; project owner confirmed 2026-10-07; third-party rights still apply"
"public/images/shogi-home.svg","svg","1732e192cc5720810f32c148997b61ee2ecfe8b3414a67328f690a087ca6b939","AI-generated with Codex; project owner confirmed 2026-10-07; third-party rights still apply"
"public/images/steampunk/eichel-10.png","png","05f90545b606e27b578b6db305e096cbfb6e667288cf7cf95cbddaa1336db4ee","AI-generated with Codex; project owner confirmed 2026-10-07; third-party rights still apply"
"public/images/steampunk/eichel-7.png","png","c6ddbcf4dee39d27af853ca131c516423f2408c013ad9544528622b8ca86ca24","AI-generated with Codex; project owner confirmed 2026-10-07; third-party rights still apply"
"public/images/steampunk/eichel-8.png","png","28de1cc54f17335f2ab7dea649de38b899387eabe22ce8e8f501e39ed84363cd","AI-generated with Codex; project owner confirmed 2026-10-07; third-party rights still apply"
"public/images/steampunk/eichel-9.png","png","02c283468d8e8ce5c0756bb50245c06fc2c76e684bdd8e5ee900875107c90208","AI-generated with Codex; project owner confirmed 2026-10-07; third-party rights still apply"
"public/images/steampunk/eichel-ace.png","png","e2e438c76c294619cd2dcf1db1baf1c3f10a455591d176cb6a826350c8d94b16","AI-generated with Codex; project owner confirmed 2026-10-07; third-party rights still apply"
"public/images/steampunk/eichel-king.png","png","2c415836f77dd1fabfb77195224a755e79ba9f79f74a9927160b45405e708327","AI-generated with Codex; project owner confirmed 2026-10-07; third-party rights still apply"
"public/images/steampunk/eichel-ober.png","png","f8bf0c2101440d410913b5e630988870f50777a9e571a685fb43a0b914e3c6a0","AI-generated with Codex; project owner confirmed 2026-10-07; third-party rights still apply"
"public/images/steampunk/eichel-unter.png","png","1f3c9173124e52a997b1a65348a332ea0361b5abd7ea555dea2dff7c35e2a0e6","AI-generated with Codex; project owner confirmed 2026-10-07; third-party rights still apply"
"public/images/steampunk/gras-10.png","png","bc33db5238be87f71a522a504d84c98b25bf67c18e5fa615b87cafbe34e02dfc","AI-generated with Codex; project owner confirmed 2026-10-07; third-party rights still apply"
"public/images/steampunk/gras-7.png","png","95da13c1f3757c6f80425cc9d7877f470e4be105a5d08abbb16f5c322b925a9f","AI-generated with Codex; project owner confirmed 2026-10-07; third-party rights still apply"
"public/images/steampunk/gras-8.png","png","7ca610da334e4e9bbd96dcb7fcaac18be98f711cc2395de963732549e17d0300","AI-generated with Codex; project owner confirmed 2026-10-07; third-party rights still apply"
"public/images/steampunk/gras-9.png","png","3d62da6163d9ab7631dca924da67dffa77cce02a6e7d2a81fefe047ceba326a8","AI-generated with Codex; project owner confirmed 2026-10-07; third-party rights still apply"
"public/images/steampunk/gras-ace.png","png","4daaf073ea574859a932c694abfe6455e155dda351c4b3cd8195ef1adb1d763b","AI-generated with Codex; project owner confirmed 2026-10-07; third-party rights still apply"
"public/images/steampunk/gras-king.png","png","7f7f2f91677be2711c3822bfdb98944dbab8e4e7fc11c63681be5455602db5d7","AI-generated with Codex; project owner confirmed 2026-10-07; third-party rights still apply"
"public/images/steampunk/gras-ober.png","png","a40d3dd9b5bbd2269404e5a3a11a1b892b4cdead8bfdb087345e9a95bccdc31d","AI-generated with Codex; project owner confirmed 2026-10-07; third-party rights still apply"
"public/images/steampunk/gras-unter.png","png","9a5b3995634fa5719f2f58f935ce899ecab36bd724928e1c6569499b68a7c36f","AI-generated with Codex; project owner confirmed 2026-10-07; third-party rights still apply"
"public/images/steampunk/herz-10.png","png","2159860b4ed93321df6e2ebd118b90be4a98b33e69af4f2efbe4689f444c23d1","AI-generated with Codex; project owner confirmed 2026-10-07; third-party rights still apply"
"public/images/steampunk/herz-7.png","png","6b95ef11e6856bbe0fad543013fd1b508078f1cce9d566ba128b9a92ab449b46","AI-generated with Codex; project owner confirmed 2026-10-07; third-party rights still apply"
"public/images/steampunk/herz-8.png","png","5d761aa50a2daa6838f1650eddbd28aa8548bdd3fbef1ca8d322929511b51bd7","AI-generated with Codex; project owner confirmed 2026-10-07; third-party rights still apply"
"public/images/steampunk/herz-9.png","png","26428bcc937be4ba35af0c46847cd444ded7f120bd6c976f229a38873c304082","AI-generated with Codex; project owner confirmed 2026-10-07; third-party rights still apply"
"public/images/steampunk/herz-ace.png","png","fc89554aceae757e8b6b7bd77b5b9fc1f32a27668aba74e78d3c04290e347502","AI-generated with Codex; project owner confirmed 2026-10-07; third-party rights still apply"
"public/images/steampunk/herz-king.png","png","ad4efb78722cd2f59e501b5df07e0a4c959e6c97332e25aeec3fef2cfa03b091","AI-generated with Codex; project owner confirmed 2026-10-07; third-party rights still apply"
"public/images/steampunk/herz-ober.png","png","aecd73906d70e04ad6a20f2589b83915c9ed51e5f37e3cd90334c673d0bad90a","AI-generated with Codex; project owner confirmed 2026-10-07; third-party rights still apply"
"public/images/steampunk/herz-unter.png","png","97c1d76f0c9408d00a5717171e5c98f8e739bf917017f708f08aef64f12e6b76","AI-generated with Codex; project owner confirmed 2026-10-07; third-party rights still apply"
"public/images/steampunk/schellen-10.png","png","8105c863f61bca96131b88862b209b1ccfa9d99569d909edc2daa00804ee37eb","AI-generated with Codex; project owner confirmed 2026-10-07; third-party rights still apply"
"public/images/steampunk/schellen-7.png","png","41260d77513e8e31ee9ae47e5220db7d6f2c3af9e5b1942aa3943f8e2b983864","AI-generated with Codex; project owner confirmed 2026-10-07; third-party rights still apply"
"public/images/steampunk/schellen-8.png","png","049b2260912b975d07ae4bf42057fe34a0c746796bd633288317ae067e2d446d","AI-generated with Codex; project owner confirmed 2026-10-07; third-party rights still apply"
"public/images/steampunk/schellen-9.png","png","216e87e0d6511f570c59d3af968aacb02ce50d05895892bbf242dcffd3ee26ae","AI-generated with Codex; project owner confirmed 2026-10-07; third-party rights still apply"
"public/images/steampunk/schellen-ace.png","png","217736e8aff1695491d419e243b3316a5dfeaa0e28736d722fad4ab150586f69","AI-generated with Codex; project owner confirmed 2026-10-07; third-party rights still apply"
"public/images/steampunk/schellen-king.png","png","e6cd5189f427769bee285cd81e75dc95017535726ed0065aaa054ca2251bc794","AI-generated with Codex; project owner confirmed 2026-10-07; third-party rights still apply"
"public/images/steampunk/schellen-ober.png","png","3786aa64c79a0e62a44da8df57c230a2c734225c1a3122019b3f617c206af65c","AI-generated with Codex; project owner confirmed 2026-10-07; third-party rights still apply"
"public/images/steampunk/schellen-unter.png","png","13bb04062c528f8e76519ac7363163911e5d7ce95b83ac64ea9e46d1a81b0f73","AI-generated with Codex; project owner confirmed 2026-10-07; third-party rights still apply"
"public/images/tables/alpine.webp","webp","0c4ed5b1ba05e583e797b90d26af11f505a613f2a5c4cf40983924ad75236818","AI-generated with Codex; project owner confirmed 2026-10-07; third-party rights still apply"
"public/images/tables/bavarian.webp","webp","b174e426aa4f47906101c8888b32314360ef1592df2949047ec9084544dea757","AI-generated with Codex; project owner confirmed 2026-10-07; third-party rights still apply"
"public/images/tables/classic.webp","webp","5414d54099b598c6989308b0016a7c1113ecf14449a69653381fb567fe871524","AI-generated with Codex; project owner confirmed 2026-10-07; third-party rights still apply"
"public/images/tables/midnight.webp","webp","19c9cef0aa58eaa1edfc6ec8ad2cf688bbeb728759215852d782cb81a6fc0b2c","AI-generated with Codex; project owner confirmed 2026-10-07; third-party rights still apply"
"public/images/tables/royal.webp","webp","6ca02c6e3c6d2bcb617917e10b4677be9e2c96ff571e1f8f41e56478bc870b1f","AI-generated with Codex; project owner confirmed 2026-10-07; third-party rights still apply"
"public/images/tables/steampunk.webp","webp","d4e87056a07df718e7e2acd92584d264f618c6cf8726ead05fa0dfb6f602d407","AI-generated with Codex; project owner confirmed 2026-10-07; third-party rights still apply"
"public/images/traditional/eichel-10.png","png","6806ddf1ec6741898a78a9bb0d34fd6e4ab2d4c791ab5faae388c8e7f5f81334","AI-generated with Codex; project owner confirmed 2026-10-07; third-party rights still apply"
"public/images/traditional/eichel-7.png","png","64dcd78101d27efbba2b1bbb74bd89a0a2371d74cd465d3d8c3904734c1890c0","AI-generated with Codex; project owner confirmed 2026-10-07; third-party rights still apply"
"public/images/traditional/eichel-8.png","png","28bc64aee6651455a842fc7bfaa3481b8346eb57986446c17b4735e5025935f1","AI-generated with Codex; project owner confirmed 2026-10-07; third-party rights still apply"
"public/images/traditional/eichel-9.png","png","7d4d3bd290f27e4a31a64dbb502116bd6c77084fdb25389b940291c43440cf37","AI-generated with Codex; project owner confirmed 2026-10-07; third-party rights still apply"
"public/images/traditional/eichel-ace.png","png","26441410c5d905dce3d895dc44a64e0f806e56db746ec1c2ea0c904331adf6c6","AI-generated with Codex; project owner confirmed 2026-10-07; third-party rights still apply"
"public/images/traditional/eichel-king.png","png","c35593ebcfc81aa142b929f802e305e87474cefad7776af6462e3add95c1c2cb","AI-generated with Codex; project owner confirmed 2026-10-07; third-party rights still apply"
"public/images/traditional/eichel-ober.png","png","369a87ad031898b3a33225d39090194914c396dbd788ef55ae5d1c159bb37411","AI-generated with Codex; project owner confirmed 2026-10-07; third-party rights still apply"
"public/images/traditional/eichel-unter.png","png","d14ad495dcd10ef0ed5ba3cf5abf485ccdfff5d492a4ad254a6753d60b2bbafc","AI-generated with Codex; project owner confirmed 2026-10-07; third-party rights still apply"
"public/images/traditional/gras-10.png","png","96a57053958c5b0e766ac571b636cbc066708a7fb581a8fe36a324a23391cca3","AI-generated with Codex; project owner confirmed 2026-10-07; third-party rights still apply"
"public/images/traditional/gras-7.png","png","c2657dd57fb7adddb01205466c4ac0561d38f6e959ecb2ea06107d4be3a57c5b","AI-generated with Codex; project owner confirmed 2026-10-07; third-party rights still apply"
"public/images/traditional/gras-8.png","png","d6fa3d8901b18fa2958ad40b4437622de983d0c12955b6805ade711198ccd971","AI-generated with Codex; project owner confirmed 2026-10-07; third-party rights still apply"
"public/images/traditional/gras-9.png","png","f481cc5e7c73544c98de83b345f4185ea786282919b570d056f5ad690cddf84b","AI-generated with Codex; project owner confirmed 2026-10-07; third-party rights still apply"
"public/images/traditional/gras-ace.png","png","2a522abad6f66ccda680512039ce08f4854b2877fd28bc93912d1d3642928c2e","AI-generated with Codex; project owner confirmed 2026-10-07; third-party rights still apply"
"public/images/traditional/gras-king.png","png","4e98816b0e511ff2b9ace423cef919eecbb1e363a6582c13d16c69035f973e76","AI-generated with Codex; project owner confirmed 2026-10-07; third-party rights still apply"
"public/images/traditional/gras-ober.png","png","b1ad286e000c6073b7dedab1d266c3bb5aba18130903bc1b70a9037441ec03c5","AI-generated with Codex; project owner confirmed 2026-10-07; third-party rights still apply"
"public/images/traditional/gras-unter.png","png","086f14f4a056e0d9727a1a3bae1615579297f6cd61a689eb3d02223e139721d6","AI-generated with Codex; project owner confirmed 2026-10-07; third-party rights still apply"
"public/images/traditional/herz-10.png","png","e3007a6a3170614f66f66003039d96d06a8554340da08fad21c267be41e85205","AI-generated with Codex; project owner confirmed 2026-10-07; third-party rights still apply"
"public/images/traditional/herz-7.png","png","6c24895dc663fe90b7bb1d6f486df6bd8505f6e812837aa311215680c04d830d","AI-generated with Codex; project owner confirmed 2026-10-07; third-party rights still apply"
"public/images/traditional/herz-8.png","png","df63b32df17fb53e8ad4ebf75cf1e40f82e7a79dd79e4cde755c09e4561bdc97","AI-generated with Codex; project owner confirmed 2026-10-07; third-party rights still apply"
"public/images/traditional/herz-9.png","png","7e3b2e01816c7e82ccabfea9ccc35f973230f3a80ac6e9efcdf105a2ea03a988","AI-generated with Codex; project owner confirmed 2026-10-07; third-party rights still apply"
"public/images/traditional/herz-ace.png","png","14058127edc72d28718c2746c05d4fc73c57b8a2fe28178eeea61b6fe1d901a7","AI-generated with Codex; project owner confirmed 2026-10-07; third-party rights still apply"
"public/images/traditional/herz-king.png","png","73a6ec72823bf8fb80c84f603ba5fb81e586ef520d6664ce19c9d007633fe748","AI-generated with Codex; project owner confirmed 2026-10-07; third-party rights still apply"
"public/images/traditional/herz-ober.png","png","09cb9935651838ac9bfdc3ab3bcdb7087c22aff2fb66dfc96fa52a401b40c4df","AI-generated with Codex; project owner confirmed 2026-10-07; third-party rights still apply"
"public/images/traditional/herz-unter.png","png","dad6257cc843a492080f1556bf2e45ff9fd0799d94a291965af77fed33f0aeae","AI-generated with Codex; project owner confirmed 2026-10-07; third-party rights still apply"
"public/images/traditional/schellen-10.png","png","92162a58f09735a9782fcbd49deb8caff0b60a7ae8d1c51dd41fcf2be1471542","AI-generated with Codex; project owner confirmed 2026-10-07; third-party rights still apply"
"public/images/traditional/schellen-7.png","png","d54d4370cb1dbdd2a1663edc1599bd21b484e88eab88efd0889b0d7f530b5534","AI-generated with Codex; project owner confirmed 2026-10-07; third-party rights still apply"
"public/images/traditional/schellen-8.png","png","045ae565b2de08a263f91ac63606293130e227b475bd2580587865ad9c26b359","AI-generated with Codex; project owner confirmed 2026-10-07; third-party rights still apply"
"public/images/traditional/schellen-9.png","png","4285c29a531ae9793788e9bc66ad7477acc46bf4ecd7d39c9677ed8395c88ae3","AI-generated with Codex; project owner confirmed 2026-10-07; third-party rights still apply"
"public/images/traditional/schellen-ace.png","png","e6ba8eb05dc052e739e6ea7c501e91fd6585bd5980746f0d7878e7832ddeaa23","AI-generated with Codex; project owner confirmed 2026-10-07; third-party rights still apply"
"public/images/traditional/schellen-king.png","png","0cf9f0aafc68b8c971178dd0caae4a2f57e2aa02dfdf6fea8bb58a3a72642cea","AI-generated with Codex; project owner confirmed 2026-10-07; third-party rights still apply"
"public/images/traditional/schellen-ober.png","png","6cdf756313b6c61972b66f55470f00a48fe48c024be15dd7d3bb09cbdc590936","AI-generated with Codex; project owner confirmed 2026-10-07; third-party rights still apply"
"public/images/traditional/schellen-unter.png","png","0af677215c6c3fad1bd45b37c1406bd5c877764d01304f77e3e1802d107b6cfc","AI-generated with Codex; project owner confirmed 2026-10-07; third-party rights still apply"
"public/images/watten-game-icon.png","png","5275d574668366115dbc39f4e2051339d6dad9f6a5f435cd5844bf38553d66f1","AI-generated with Codex; project owner confirmed 2026-10-07; third-party rights still apply"
"public/images/watten-home.png","png","b80e465da4c10a5388ab2c43c2cd0b1538cf8769c686001bf579662ace51b2f2","AI-generated with Codex; project owner confirmed 2026-10-07; third-party rights still apply"
"public/images/watten-multiplayer.png","png","cd2695429d44fd307b8ac9a9e62bc44e625c8dacae1253ba64c8f47b24b9d0fc","AI-generated with Codex; project owner confirmed 2026-10-07; third-party rights still apply"
"public/models/chess/black/bishop.glb","glb","26af76ab12d315ba38548302ece0d02bcfdc6e585948b3d9c3b3abed793e3ccb","Tinymen CGTrader; extraction restrictions; browser permission unresolved"
"public/models/chess/black/king.glb","glb","46177c89e07913df226022d023cdeea6d6c3053233c720bd011e8278e264723d","Tinymen CGTrader; extraction restrictions; browser permission unresolved"
"public/models/chess/black/knight.glb","glb","34f470f886b0407aefb6f8b29b5fd726879a67a7cd34acf85d598fc292ae1a86","Tinymen CGTrader; extraction restrictions; browser permission unresolved"
"public/models/chess/black/pawn.glb","glb","8a305410fa966d20f069ab5658d9ef36573e3ff62fa3e86c7e7846445974f6c4","Tinymen CGTrader; extraction restrictions; browser permission unresolved"
"public/models/chess/black/queen.glb","glb","dedbeb86b6b855dc509240aaf3c6d125aad02f99a992d4b5eaa84d68b979ed70","Tinymen CGTrader; extraction restrictions; browser permission unresolved"
"public/models/chess/black/rook.glb","glb","3a98aa221a8adf4412238aed73d70b7f90ed9a6e67e8824616d9e87c6d2a6345","Tinymen CGTrader; extraction restrictions; browser permission unresolved"
"public/models/chess/white/bishop.glb","glb","574e87664c63feb10144006c7f1e1ef38e8415b5ae3298d0b2d0382bdfb63dfb","Tinymen CGTrader; extraction restrictions; browser permission unresolved"
"public/models/chess/white/king.glb","glb","6219900f84336859ab9446ba635a9a3d96754afd4fcbce58f8fcb4ee9d8da398","Tinymen CGTrader; extraction restrictions; browser permission unresolved"
"public/models/chess/white/knight.glb","glb","350c593172b4406aec09cdb340b51dcea7ab217214d0afd69938f1b64604288a","Tinymen CGTrader; extraction restrictions; browser permission unresolved"
"public/models/chess/white/pawn.glb","glb","b3ab7bf0fa79894e0811b541b367ee0942f9445b24a1729cf1226c87adab1eb3","Tinymen CGTrader; extraction restrictions; browser permission unresolved"
"public/models/chess/white/queen.glb","glb","59b13adadd4e99366fad81601431a475b3bf051ac0a1e707356ca17c3332b4dc","Tinymen CGTrader; extraction restrictions; browser permission unresolved"
"public/models/chess/white/rook.glb","glb","a3eb3001e78d1e80d370a261786f52bdcf6be461a47e23b6b505621195c346a0","Tinymen CGTrader; extraction restrictions; browser permission unresolved"
"public/pluto-icon.png","png","334921838bab6fc09f067557331f4c27e136b53caf8712aef3e95344cb31b178","Author/source/permission not recorded per file; confirm or replace"
"public/sounds/chess/Capture.mp3","mp3","6b46be2160e04897c4702f4849ec25d2eb189be38bee5135ab2b897730005e62","Author/source/permission not recorded per file; confirm or replace"
"public/sounds/chess/Castle.mp3","mp3","0e9dda6684935f9e16462c80e06d1a6c19b46734fdd4f6d84f89e62f2504a95c","Author/source/permission not recorded per file; confirm or replace"
"public/sounds/chess/Check.mp3","mp3","5737a0a00976f87a628b0b949bf567f3de6448f182b57619056bb4e94fa39a09","Author/source/permission not recorded per file; confirm or replace"
"public/sounds/chess/Checkmate.mp3","mp3","84a703ff49f37c71a3b19a665b626b30583a93437fbf6817375d5dec75cbbcac","Author/source/permission not recorded per file; confirm or replace"
"public/sounds/chess/Move.mp3","mp3","831ee637b64e4ff4cf68cfad2f150d648af01a6f3f4ed6ddd1f844624e10d95d","Author/source/permission not recorded per file; confirm or replace"
"public/sounds/chess/variants/BombExplosion.mp3","mp3","846997004ef3e6b8c2755d580f8c15b451b31e7ee441b1e296cfbba7afc66535","Author/source/permission not recorded per file; confirm or replace"
"public/sounds/chess/variants/RouletteKing.mp3","mp3","4dd045e1aae32bf2f99f92fc07e919f87682e77b22b33701483172bec5f275e6","Author/source/permission not recorded per file; confirm or replace"
"public/sounds/chess/variants/RoulettePromotionFailure.mp3","mp3","b65a9309e22122220d6e552329d98b8a2fcb365c2b1a3067ccd497b35dfb21c5","Author/source/permission not recorded per file; confirm or replace"
"public/sounds/chess/variants/RoulettePromotionSuccess.mp3","mp3","4445ce06cc3d6b2b5e41e1c01be86f97775b8856407db36bb55ab7897c79d643","Author/source/permission not recorded per file; confirm or replace"
"public/swag/fraction_grayguard.jpg","jpg","25c0c2b4d0cd69232e07766e026aba95d795b0922f1c69aff92f830a6e7325ee","Author/source/permission not recorded per file; confirm or replace"
